#,Keyword,Country,Difficulty,Volume,CPC,Clicks,CPS,Return Rate,Parent Keyword,Last Update,SERP Features,Global volume
1,益生菌,tw,4,32000,,30948,0.96,1.43,益生菌,2020/10/21 03:50,"Shopping results,Thumbnails,Adwords top,Sitelinks,Image pack,Adwords bottom",45000
2,義美,tw,10,22000,0,19694,0.91,1.4,義美,2020/10/23 00:41,"Adwords top,Sitelinks,Image pack",22000
3,三得利,tw,0,17000,0.09,16652,1,1.66,三得利,2020/10/21 04:43,"Adwords top,Sitelinks,Image pack,Shopping results,Thumbnails",18000
4,喜樂時代,tw,2,13000,,12233,0.91,2.15,喜樂時代,2020/10/21 10:25,"Sitelinks,Image pack",13000
5,葡萄王,tw,8,12000,,10980,0.9,1.51,葡萄王,2020/10/22 23:36,"Shopping results,Thumbnails,Adwords top,Sitelinks,Image pack",12000
6,飛比價格,tw,2,9800,,9590,0.98,1.97,飛比,2020/10/21 11:31,"Sitelinks,Image pack",9800
7,拉肚子,tw,2,6700,0.5,6628,0.99,1.25,拉肚子,2020/10/22 12:13,Image pack,7800
8,益生菌推薦,tw,2,5700,,8378,1.48,1.33,益生菌推薦,2020/10/22 14:07,"Shopping results,Thumbnails,Adwords top,Featured snippet",6400
9,善存,tw,0,5500,,5537,1.01,1.27,善存,2020/10/21 07:57,"Shopping results,Thumbnails,Adwords top,Adwords bottom",7700
10,木上益治,tw,0,4200,,5667,1.34,1.34,木上益治,2020/10/22 01:52,"Sitelinks,Image pack",8900
11,白蘭氏雞精,tw,2,4100,0.45,3975,0.96,1.21,白蘭氏雞精,2020/10/22 17:42,"Adwords top,Adwords bottom",5400
12,lp33,tw,1,3900,0.1,3926,1,1.31,lp33,2020/10/22 04:25,"Shopping results,Thumbnails,Adwords top,Sitelinks,Adwords bottom",4100
13,義美食品,tw,7,2700,0.2,2280,0.83,1.25,義美,2020/10/21 13:50,"Adwords top,Sitelinks,Image pack",2900
14,炎王龍,tw,0,2700,,2071,0.76,1.39,炎王龍,2020/10/22 21:49,Image pack,3800
15,好聰敏,tw,0,2400,,2337,0.99,3.84,好聰敏益生菌,2020/10/18 01:52,"Sitelinks,Image pack",2400
16,益生菌推薦2019,tw,5,2400,,3165,1.34,1.34,益生菌ptt,2020/10/23 10:03,"Featured snippet,Thumbnails",2500
17,比菲多,tw,1,2400,,1639,0.69,1.25,比菲多,2020/10/18 23:27,"Sitelinks,Image pack",2500
18,葡萄王益生菌,tw,0,2300,0.2,2893,1.24,1.25,葡萄王益生菌,2020/10/21 14:45,"Adwords top,Image pack",2300
19,白蘭,tw,0,2000,0.1,938,0.46,1.16,白蘭,2020/10/23 01:58,"Knowledge card,Thumbnails,Image pack",5100
20,胃發炎,tw,1,1900,,2487,1.32,1.33,胃發炎,2020/10/17 06:40,Image pack,2100
21,好聰敏益生菌,tw,0,1900,,2600,1.35,1.66,好聰敏益生菌,2020/10/21 08:07,"Sitelinks,Image pack",1900
22,導致 英文,tw,1,1900,0.9,1055,0.56,1.21,導致 英文,2020/10/18 04:05,Knowledge card,2700
23,葡眾益生菌,tw,0,1900,,2297,1.2,1.23,葡眾益生菌,2020/10/22 04:22,"Shopping results,Thumbnails,Image pack",1900
24,益生菌 ptt,tw,0,1800,,3344,1.89,1.24,益生菌 ptt,2020/10/21 04:08,Image pack,1800
25,改善 英文,tw,0,1600,0,363,0.23,1.16,改善 英文,2020/10/21 02:37,Knowledge card,2900
26,比菲德氏菌,tw,1,1500,,1378,0.93,1.31,比菲德氏菌,2020/10/17 06:10,"Shopping results,Thumbnails,Adwords top,Image pack",1900
27,成分 英文,tw,0,1500,0,360,0.24,1.19,成分 英文,2020/10/16 19:26,Knowledge card,2000
28,益暢敏,tw,0,1500,,1810,1.21,1.4,益暢敏,2020/10/22 02:30,"Adwords top,Image pack,Shopping results,Thumbnails",1500
29,拉肚子吃什麼,tw,3,1400,,1797,1.26,1.21,拉肚子,2020/10/20 00:43,"Featured snippet,Thumbnails",1400
30,洗鼻鹽,tw,1,1400,,1809,1.34,1.41,洗鼻器,2020/10/17 07:01,"Shopping results,Thumbnails,Adwords top,Featured snippet,Image pack",1400
31,lp33益生菌,tw,1,1400,,1985,1.41,1.37,lp33益生菌,2020/10/21 12:25,"Shopping results,Thumbnails,Adwords top,Sitelinks,Top stories,Image pack,Adwords bottom",1400
32,分解 英文,tw,0,1300,0,375,0.29,1.2,分解 英文,2020/10/22 20:07,"Knowledge card,Image pack",1900
33,仁丹,tw,0,1300,0.15,1156,0.88,1.3,仁丹,2020/10/20 00:46,"Adwords top,Sitelinks,Image pack",28000
34,減醣好好,tw,3,1300,,1391,1.11,1.36,減醣好好,2020/10/21 09:40,"Sitelinks,Image pack",1300
35,導致英文,tw,1,1200,,694,0.6,1.15,導致 英文,2020/10/18 19:10,Knowledge card,1700
36,細菌 英文,tw,0,1200,4,230,0.19,1.26,細菌 英文,2020/10/17 16:48,Knowledge card,1500
37,冒牌生,tw,5,1200,0,1247,1,1.27,冒牌生,2020/10/18 19:21,"Sitelinks,Image pack",1300
38,陰道 英文,tw,0,1200,0,313,0.26,1.16,陰道 英文,2020/10/20 19:10,Knowledge card,1500
39,活沛多,tw,0,1200,,928,0.79,1.18,活沛多,2020/10/17 23:26,Image pack,1200
40,過敏 英文,tw,0,1100,0,338,0.3,1.18,過敏 英文,2020/10/21 04:37,Knowledge card,1700
41,改善英文,tw,0,1100,,253,0.23,1.15,改善 英文,2020/10/18 20:57,Knowledge card,1600
42,黑元益生茶,tw,0,1100,,1823,1.68,1.18,黑元益生茶,2020/10/20 10:47,Image pack,1100
43,ab優酪乳,tw,1,1100,0.2,968,0.86,1.24,ab優酪乳,2020/10/20 09:10,Image pack,1100
44,costco 咖啡豆,tw,1,1100,,1564,1.4,1.27,costco 咖啡豆,2020/10/19 12:41,Image pack,1100
45,乳清蛋白 ptt,tw,0,1000,,1944,2.03,1.34,乳清蛋白ptt,2020/10/17 02:17,Image pack,1000
46,台塑益生菌,tw,0,1000,,1356,1.29,1.57,台塑益生菌,2020/10/22 23:41,"Shopping results,Thumbnails,Adwords top,Image pack,Adwords bottom",1000
47,益生菌 推薦,tw,3,1000,,1680,1.74,1.33,益生菌推薦,2020/10/16 06:44,"Featured snippet,Thumbnails,Top stories",1200
48,排便,tw,2,1000,0.4,1143,1.11,1.17,便秘,2020/10/18 16:47,"Shopping results,Thumbnails,Adwords bottom",5000
49,雷特氏症,tw,0,1000,,1048,1.07,1.25,雷特氏症,2020/10/21 10:10,Image pack,1400
50,葡萄 英文,tw,0,1000,0,182,0.19,1.21,葡萄 英文,2020/10/18 12:54,"Knowledge card,Image pack",1100
51,多元菌,tw,0,900,,1428,1.53,1.6,多元菌,2020/10/19 16:24,Sitelinks,3700
52,益生菌功效,tw,3,900,,977,1.09,1.39,益生菌,2020/10/18 16:49,"Adwords top,Featured snippet,Thumbnails,Sitelinks,Adwords bottom",900
53,定存推薦,tw,4,900,,1574,1.7,1.34,定存利率,2020/10/22 09:31,,900
54,差異 英文,tw,0,900,0,252,0.29,1.18,discrepancy,2020/10/21 07:25,Knowledge card,1300
55,大便 英文,tw,0,900,0,526,0.61,1.11,大便 英文,2020/10/16 02:09,Knowledge card,1300
56,三得利益生菌,tw,0,900,0.15,1166,1.27,1.33,三得利益生菌,2020/10/16 09:27,"Adwords top,Image pack,Adwords bottom,Shopping results,Thumbnails",900
57,costco 益生菌,tw,1,900,,1069,1.24,1.24,威德益生菌,2020/10/16 16:55,"Image pack,Adwords bottom",900
58,益生菌推薦2018,tw,5,800,,1283,1.64,1.31,益生菌ptt,2020/10/21 06:31,Sitelinks,1100
59,重疊 英文,tw,0,800,0,258,0.32,1.19,重疊 英文,2020/10/16 07:11,"Knowledge card,Image pack",1100
60,龍根菌,tw,0,800,0.2,770,0.93,1.25,龍根,2020/10/17 11:12,Image pack,800
61,幫助 英文,tw,0,800,0,332,0.4,1.09,協助 英文,2020/10/18 19:31,Knowledge card,1100
62,抑制 英文,tw,0,800,0,212,0.26,1.16,抑制 英文,2020/10/20 02:53,Knowledge card,1100
63,配方 英文,tw,0,800,0,183,0.22,1.34,recipe 中文,2020/10/16 10:07,Knowledge card,900
64,lp110特益菌,tw,0,800,,1221,1.5,1.36,lp110,2020/10/18 07:44,"Shopping results,Thumbnails,Image pack",800
65,善胃得,tw,0,800,,438,0.52,1.22,善胃得,2020/10/19 01:18,Image pack,1000
66,益生菌怎麼吃,tw,1,800,,846,1.06,1.2,益生菌怎麼吃,2020/10/20 01:12,"Adwords top,Featured snippet,Thumbnails",900
67,好市多益生菌,tw,0,800,,1052,1.28,1.43,威德益生菌,2020/10/22 18:15,"Image pack,Adwords bottom",800
68,好吃 英文,tw,4,800,0,381,0.45,1.19,好吃 英文,2020/10/20 19:57,Knowledge card,1000
69,膠囊 英文,tw,0,800,0,121,0.16,1.24,膠囊 英文,2020/10/18 01:01,"Knowledge card,Image pack",800
70,清大特殊選才,tw,0,700,,706,1.01,5.31,清大特殊選才,2020/10/19 22:15,Image pack,700
71,益生菌品牌,tw,3,700,,750,1.08,1.21,益生菌推薦,2020/10/21 13:41,"Shopping results,Thumbnails,Featured snippet,Image pack,Top stories",900
72,益生菌 過敏,tw,1,700,,991,1.38,1.23,益生菌 過敏,2020/10/16 17:18,"Shopping results,Thumbnails,Featured snippet,Image pack",700
73,腹瀉 英文,tw,0,700,0,213,0.3,1.14,拉肚子英文,2020/10/19 04:11,Knowledge card,1100
74,香料 英文,tw,0,700,0,175,0.24,1.17,香菜英文,2020/10/20 19:55,"Knowledge card,Image pack",1300
75,益生菌英文,tw,3,700,,212,0.32,1.21,益生菌英文,2020/10/17 06:56,"Knowledge card,Sitelinks",1000
76,腸胃益生菌推薦,tw,3,700,,795,1.2,1.24,益生菌推薦2018,2020/10/17 11:25,"Featured snippet,Thumbnails",900
77,李新 藝人,tw,0,700,0,550,0.84,1.36,李新,2020/10/18 20:17,"Sitelinks,Top stories,Thumbnails",700
78,乳清蛋白推薦品牌,tw,1,700,,771,1.11,1.25,乳清蛋白推薦,2020/10/16 21:36,"Featured snippet,Sitelinks,Image pack",800
79,costco 優格,tw,1,700,,1274,1.9,1.24,costco 優格,2020/10/17 05:25,Image pack,700
80,木寡糖,tw,0,700,,739,1.02,1.42,木寡糖,2020/10/20 06:53,Image pack,700
81,過敏英文,tw,0,700,,222,0.34,1.28,過敏 英文,2020/10/16 07:02,"Knowledge card,Top stories,Thumbnails,Image pack",700
82,好市多 益生菌,tw,0,700,,916,1.36,1.2,威德益生菌,2020/10/20 21:46,"Shopping results,Thumbnails,Image pack",700
83,發炎英文,tw,0,700,,172,0.26,1.2,發炎英文,2020/10/22 09:57,Knowledge card,1200
84,益暢敏益生菌,tw,0,600,,753,1.18,1.39,益暢敏,2020/10/16 07:41,"Top stories,Thumbnails,Image pack",600
85,有效 英文,tw,0,600,0,141,0.23,1.16,有效的 英文,2020/10/17 16:40,Knowledge card,1000
86,益生菌 英文,tw,3,600,,151,0.27,1.28,益生菌,2020/10/21 11:02,"Knowledge card,Sitelinks,Image pack",1300
87,超代謝酵素膠囊,tw,0,600,,1002,1.72,1.32,超代謝酵素膠囊,2020/10/20 01:43,"Shopping results,Thumbnails,Image pack",600
88,台糖益生菌,tw,0,600,,1071,1.71,1.3,台糖益生菌,2020/10/20 20:40,"Shopping results,Thumbnails,Adwords top,Image pack",600
89,乳酸菌 英文,tw,0,600,0,265,0.41,1.33,乳酸菌 英文,2020/10/22 04:06,"Adwords top,Knowledge card,Image pack",800
90,合適的 英文,tw,0,600,,145,0.23,1.19,適合 英文,2020/10/22 02:16,Knowledge card,700
91,腸胃炎 英文,tw,0,600,0,346,0.62,1.22,腸胃炎 英文,2020/10/16 05:02,"Knowledge card,Sitelinks,Image pack",1000
92,酵素王,tw,0,600,,715,1.11,2.68,酵素王,2020/10/20 23:31,"Shopping results,Thumbnails,Image pack",700
93,味王調理包,tw,0,600,,680,1.23,1.3,味王調理包,2020/10/19 14:33,"Shopping results,Thumbnails,Image pack,Adwords bottom",600
94,大腸 英文,tw,1,600,0,255,0.4,1.15,大腸 英文,2020/10/19 15:54,"Knowledge card,Image pack",800
95,大研生醫,tw,0,600,,672,1.08,1.31,大研生醫,2020/10/19 23:45,"Shopping results,Thumbnails,Adwords top,Sitelinks,Image pack",600
96,酵素 英文,tw,0,600,0,146,0.25,1.29,酵素 英文,2020/10/16 23:14,"Knowledge card,Sitelinks",1000
97,喜樂纖評價,tw,1,600,,802,1.34,1.34,喜樂纖評價,2020/10/17 07:44,Image pack,600
98,類型 英文,tw,0,600,0,174,0.28,1.14,類型 英文,2020/10/18 10:07,"Knowledge card,Sitelinks",700
99,葡萄英文,tw,0,600,,77,0.12,1.2,葡萄 英文,2020/10/17 23:44,"Knowledge card,Image pack",700
100,乳清蛋白ptt,tw,0,600,,1163,1.8,1.28,乳清 ptt,2020/10/20 08:58,Image pack,600
101,costco 乳清蛋白,tw,2,600,,982,1.73,1.26,costco 高蛋白,2020/10/20 02:59,"Sitelinks,Image pack",600
102,胃 英文,tw,0,600,0,87,0.14,1.12,胃 英文,2020/10/19 23:47,"Knowledge card,Image pack",1100
103,對比 英文,tw,0,600,0,106,0.19,1.12,對比 英文,2020/10/23 11:19,Knowledge card,1000
104,銷售量 英文,tw,0,600,0,321,0.53,1.12,業績 英文,2020/10/17 10:47,Knowledge card,800
105,菌,tw,0,600,0.08,191,0.31,1.13,菌,2020/10/18 17:43,"Top stories,Thumbnails",5200
106,拉肚子 英文,tw,0,500,0,277,0.56,1.24,拉肚子英文,2020/10/22 04:52,Knowledge card,1300
107,便宜 英文,tw,0,500,0,298,0.55,1.18,便宜 英文,2020/10/18 22:11,Knowledge card,800
108,纖維 英文,tw,0,500,0,86,0.18,1.14,紡織英文術語,2020/10/5 17:22,Knowledge card,600
109,單純 英文,tw,0,500,5,187,0.35,1.08,單純 英文,2020/10/22 04:09,Knowledge card,700
110,大便大不出來,tw,2,500,0.9,657,1.28,1.19,大便大不出來,2020/10/19 20:45,"Featured snippet,Image pack",500
111,便祕 英文,tw,0,500,0,187,0.36,1.23,大便 英文,2020/10/18 11:50,Knowledge card,600
112,瑞多仕,tw,0,500,,525,1.1,2.67,瑞多仕,2020/10/7 17:58,Image pack,500
113,義美生醫,tw,0,500,,535,1,1.34,義美生醫,2020/10/19 19:51,"Adwords top,Sitelinks,Top stories,Thumbnails,Image pack",500
114,l-92乳酸菌,tw,0,500,,756,1.48,1.37,l92,2020/10/17 07:24,"Shopping results,Thumbnails,Image pack",7900
115,溢美,tw,12,500,0,292,0.56,1.05,義美,2020/10/18 02:33,"Adwords top,Top stories,Thumbnails,Image pack",2200
116,yoyo益生菌,tw,0,450,,541,1.21,1.7,yoyo益生菌,2020/10/11 06:28,"Shopping results,Thumbnails,Top stories,Image pack",450
117,景岳生技,tw,1,450,,356,0.83,1.29,景岳,2020/10/9 20:27,"Top stories,Thumbnails,Image pack",450
118,鼠李糖乳桿菌,tw,0,450,,404,0.92,1.42,鼠李糖乳桿菌,2020/10/2 21:48,,500
119,評價英文,tw,0,450,,105,0.24,1.08,評價 英文,2020/10/7 21:41,"Knowledge card,Top stories,Thumbnails",600
120,健康益生菌,tw,1,450,,534,1.24,1.18,威德益生菌,2020/10/11 21:28,"Top stories,Thumbnails,Image pack",450
121,益生菌ptt,tw,0,450,,878,2,1.33,益生菌 ptt,2020/10/1 19:59,Image pack,450
122,益生菌推薦ptt,tw,1,450,,896,1.97,1.15,益生菌 ptt,2020/9/26 20:34,"Featured snippet,Thumbnails,Image pack,Adwords bottom",450
123,繁殖 英文,tw,0,450,0,108,0.25,1.1,繁殖 英文,2020/10/16 19:43,"Knowledge card,Image pack",600
124,代謝 英文,tw,0,450,0,97,0.21,1.13,代謝 英文,2020/10/7 12:06,"Knowledge card,Image pack",500
125,益生菌排名,tw,2,450,,819,1.8,1.21,益生菌 ptt,2020/10/9 11:00,"Featured snippet,Thumbnails",450
126,乳清蛋白推薦ptt,tw,0,450,,802,1.86,1.3,乳清蛋白 推薦 ptt,2020/10/12 21:15,"Top stories,Thumbnails,Image pack",450
127,肚子痛拉肚子,tw,1,450,,517,1.21,1.14,肚子痛,2020/10/16 17:45,"Sitelinks,Image pack",450
128,白蘭氏益生菌,tw,0,450,,753,1.59,1.33,白蘭氏益生菌,2020/10/18 03:38,"Adwords top,Image pack,Shopping results,Thumbnails",500
129,非雷龍,tw,0,450,,447,0.95,1.28,飛雷龍,2020/10/9 07:12,"Top stories,Thumbnails,Image pack",450
130,cmu995益生菌,tw,0,450,,700,1.58,1.42,cmu995,2020/10/7 18:27,"Top stories,Thumbnails,Image pack",450
131,清大生科,tw,0,450,0.45,416,0.96,1.54,清大生科,2020/9/27 01:04,"Sitelinks,Top stories,Thumbnails,Image pack",450
132,菌根菌,tw,0,450,,586,1.33,1.37,菌根菌,2020/10/23 09:55,Image pack,1600
133,優格菌粉,tw,2,450,,672,1.54,1.24,優格菌粉,2020/10/11 16:48,"Top stories,Thumbnails,Image pack",450
134,合適 英文,tw,0,450,2.5,100,0.22,1.09,適合 英文,2020/10/9 04:58,"Knowledge card,Top stories,Thumbnails",800
135,長益,tw,3,450,,307,0.68,1.3,長益,2020/10/16 09:04,"Sitelinks,Image pack",800
136,益生菌什麼時候吃,tw,1,450,,474,1.08,1.33,益生菌怎麼吃,2020/10/14 06:48,"Adwords top,Featured snippet,Top stories,Thumbnails",450
137,雷特氏b菌,tw,0,450,,558,1.27,1.25,雷特氏b菌,2020/10/16 08:08,"Top stories,Thumbnails,Image pack,Shopping results",450
138,消化 英文,tw,0,450,0,112,0.25,1.16,消化 英文,2020/10/17 04:16,"Knowledge card,Image pack",800
139,益生菌何時吃,tw,2,400,,647,1.56,1.16,益生菌怎麼吃,2020/10/7 09:42,"Adwords top,Featured snippet,Top stories,Thumbnails",400
140,lp33膠囊,tw,1,400,,551,1.3,1.3,lp33,2020/10/9 05:07,"Shopping results,Thumbnails,Top stories,Image pack",400
141,亞果生醫,tw,0,400,,466,1.11,1.55,亞果生醫,2020/10/11 12:03,"Top stories,Thumbnails,Image pack",400
142,服敏優,tw,0,400,,695,1.65,1.24,服敏優,2020/10/20 19:39,Image pack,400
143,probiotics 中文,tw,2,400,0.7,127,0.3,1.1,probiotics 中文,2020/10/5 18:33,Knowledge card,1500
144,日本 益生菌,tw,0,400,,497,1.27,1.23,日本 益生菌,2020/10/7 09:42,"Image pack,Top stories,Thumbnails,Shopping results",400
145,用量 英文,tw,0,400,0,152,0.36,1.28,用量 英文,2020/10/17 10:23,Knowledge card,500
146,過敏 益生菌,tw,2,400,,567,1.34,1.21,益生菌 過敏,2020/10/14 22:53,"Shopping results,Thumbnails,Image pack,Top stories",400
147,優菌多,tw,0,400,,527,1.25,1.28,優菌多,2020/10/15 13:06,Image pack,400
148,菌菌,tw,1,400,0,353,0.94,1.08,菌菌,2020/9/25 15:49,"Top stories,Thumbnails,Image pack",400
149,平價包包品牌排名,tw,5,400,,598,1.47,1.34,平價包包品牌排名,2020/9/26 06:33,"Top stories,Thumbnails,Image pack",400
150,養樂多 英文,tw,0,400,,180,0.46,1.12,養樂多 英文,2020/10/8 00:13,"Knowledge card,Image pack",400
151,開架保養品推薦,tw,0,400,,586,1.53,1.48,開架保養品推薦,2020/10/18 21:49,Featured snippet,400
152,善鼻洗鼻鹽,tw,0,400,,850,2.01,1.71,善鼻洗鼻鹽,2020/10/17 02:33,"Shopping results,Thumbnails,Adwords top,Image pack",400
153,葡萄王益菌王,tw,0,400,,556,1.38,1.42,葡萄王益生菌,2020/10/15 22:26,"Shopping results,Thumbnails,Top stories,Image pack",400
154,益生菌 拉肚子,tw,0,400,,716,1.83,1.16,益生菌 拉肚子,2020/10/16 02:37,Featured snippet,400
155,皮膚 英文,tw,0,400,0,78,0.2,1.11,膚色 英文,2020/10/14 07:53,"Knowledge card,Top stories,Thumbnails",450
156,c菌,tw,0,400,,368,0.98,1.2,c菌,2020/10/17 12:09,"Sitelinks,Image pack",500
157,糞便 英文,tw,0,400,0,154,0.37,1.25,排泄物 英文,2020/9/27 22:51,"Knowledge card,Top stories,Thumbnails,Image pack",600
158,乳酸菌 益生菌,tw,2,400,,570,1.4,1.17,乳酸菌,2020/10/17 14:50,"Adwords top,Sitelinks",400
159,麻利,tw,0,350,0,124,0.37,1.07,麻利,2020/10/17 19:48,,1400
160,雷 英文,tw,0,350,0,65,0.2,1.08,spoiler alert,2020/10/9 00:35,"Knowledge card,Image pack",450
161,貓 益生菌,tw,0,350,,452,1.38,1.24,貓 益生菌,2020/10/7 00:31,"Adwords top,Top stories,Thumbnails,Shopping results",350
162,雙歧桿菌,tw,3,350,,272,0.83,1.32,雙歧桿菌,2020/10/7 02:36,"Top stories,Thumbnails",400
163,葡眾 益生菌,tw,0,350,,404,1.15,1.16,葡眾益生菌,2020/9/26 00:17,"Shopping results,Thumbnails,Image pack,Top stories",350
164,葡眾產品,tw,1,350,,323,0.94,1.2,葡眾益生菌,2020/10/10 10:14,"Top stories,Thumbnails,Image pack",350
165,比非多,tw,2,350,,213,0.58,1.13,比菲多,2020/10/16 08:49,"Sitelinks,Image pack",350
166,益生菌品牌推薦,tw,3,350,,389,1.16,1.24,益生菌 ptt,2020/10/3 07:10,"Shopping results,Thumbnails,Featured snippet,Top stories",400
167,乳酸桿菌,tw,1,350,,280,0.8,1.1,乳酸桿菌,2020/10/2 03:26,"Top stories,Thumbnails",900
168,防止 英文,tw,0,350,0,56,0.16,1.18,防止 英文,2020/10/18 14:40,Knowledge card,500
169,costco 高蛋白,tw,1,350,,473,1.41,1.16,costco 高蛋白,2020/10/2 03:09,"Shopping results,Thumbnails,Top stories,Image pack",350
170,腸道 英文,tw,0,350,0,92,0.28,1.26,腸道 英文,2020/10/5 03:11,"Knowledge card,Image pack",350
171,bhk評價,tw,0,350,,298,0.85,1.09,bhk's評價,2020/10/19 21:37,"Adwords top,Image pack",350
172,體質 英文,tw,0,350,0,173,0.52,1.12,體質 英文,2020/10/16 06:48,"Knowledge card,Top stories,Thumbnails",400
173,活沛多益生菌,tw,0,350,,429,1.28,1.39,活沛多益生菌,2020/10/23 10:10,"Image pack,Adwords bottom",350
174,質性研究 英文,tw,0,350,0,38,0.11,1.14,質性研究,2020/10/15 18:33,"Featured snippet,Top stories,Thumbnails",350
175,粉晶功效,tw,0,350,,345,0.94,1.38,粉晶,2020/10/5 05:46,"Featured snippet,Thumbnails,Top stories,Image pack",500
176,比菲德氏龍根菌,tw,0,350,,369,1.1,1.16,龍根菌,2020/10/7 19:40,"Adwords top,Top stories,Thumbnails,Image pack",350
177,costco咖啡豆,tw,1,350,,524,1.49,1.36,costco 咖啡豆,2020/10/17 02:45,Image pack,350
178,costco 藍莓,tw,0,350,0.25,443,1.29,1.2,藍莓,2020/10/19 05:57,Image pack,350
179,養樂多媽媽,tw,0,350,,405,1.13,1.26,養樂多,2020/10/7 11:12,"Top stories,Thumbnails",350
180,抗生素 益生菌,tw,0,350,,549,1.6,1.22,抗生素 益生菌,2020/10/4 19:38,"Top stories,Thumbnails",350
181,便秘 英文,tw,0,350,0,106,0.31,1.26,大便 英文,2020/10/16 22:30,Knowledge card,1300
182,腸胃不好,tw,1,350,,370,1.05,1.31,腸胃不好,2020/9/25 10:35,"Top stories,Thumbnails",350
183,葡萄王 益生菌,tw,0,350,,449,1.34,1.24,葡萄王益生菌,2020/10/23 03:33,"Shopping results,Thumbnails,Adwords top,Image pack",350
184,單一 英文,tw,0,350,0,81,0.23,1.17,單一 英文,2020/10/7 09:47,"Knowledge card,Top stories,Thumbnails",700
185,antibiophilus,tw,0,350,0,326,0.99,1.18,antibiophilus,2020/9/30 01:00,Image pack,3200
186,解決方法 英文,tw,0,300,,97,0.33,1.13,解決方法 英文,2020/10/15 08:43,Knowledge card,450
187,台糖寡醣乳酸菌,tw,0,300,,514,1.61,1.17,台糖寡醣乳酸菌,2020/10/4 21:41,"Adwords top,Top stories,Thumbnails,Image pack,Shopping results",300
188,大人 英文,tw,0,300,0,59,0.21,1.11,大人英文,2020/10/3 00:42,"Knowledge card,Top stories,Thumbnails,Adwords bottom",350
189,瀉鹽哪裡買,tw,0,300,,406,1.34,1.45,瀉鹽,2020/10/22 11:40,"Shopping results,Thumbnails,Image pack",300
190,益生菌比較,tw,5,300,,477,1.51,1.38,益生菌推薦2019,2020/10/11 15:56,"Image pack,Top stories,Thumbnails",400
191,益生菌好處,tw,2,300,,386,1.24,1.2,益生菌功效,2020/10/13 21:41,"Featured snippet,Thumbnails,Top stories",900
192,牌子 英文,tw,0,300,0,51,0.16,1.07,牌子 英文,2020/10/17 01:33,"Knowledge card,Image pack",500
193,健康力益暢敏,tw,0,300,,334,1.13,1.17,益暢敏益生菌,2020/10/20 09:46,"Top stories,Thumbnails,Image pack",300
194,乳清蛋白 costco,tw,2,300,,495,1.55,1.26,costco 高蛋白,2020/10/16 19:00,"Adwords top,Sitelinks,Image pack",300
195,陰道英文,tw,0,300,,61,0.2,1.36,陰道 英文,2020/10/7 06:14,Knowledge card,400
196,羅伊氏乳桿菌,tw,0,300,,392,1.27,1.55,羅伊氏乳酸桿菌,2020/10/6 09:15,"Shopping results,Thumbnails,Top stories,Image pack",300
197,過敏益生菌,tw,3,300,,477,1.66,1.42,益生菌 過敏,2020/10/17 00:59,Image pack,300
198,台灣原生植物,tw,0,300,,283,0.92,1.3,台灣原生植物,2020/10/18 15:14,Image pack,300
199,葡萄糖 英文,tw,0,300,0,26,0.09,1.1,葡萄糖,2020/10/18 04:58,"Knowledge card,Sitelinks,Image pack",350
200,排便 英文,tw,0,300,0,97,0.33,1.15,大便 英文,2020/9/27 04:35,"Knowledge card,Top stories,Thumbnails,Image pack",350
201,添加物 英文,tw,0,300,,58,0.19,1.07,添加 英文,2020/10/4 07:13,Knowledge card,300
202,常拉肚子,tw,1,300,0,457,1.45,1.24,腹瀉,2020/10/5 02:35,"Featured snippet,Thumbnails,Top stories",300
203,食用色素哪裡買,tw,0,300,,449,1.47,1.14,食用色素哪裡買,2020/10/6 14:29,Image pack,300
204,優酪乳 脹氣,tw,0,300,,328,1.11,1.18,優酪乳 脹氣,2020/9/26 06:43,"Featured snippet,Top stories,Thumbnails",300
205,不一樣 英文,tw,0,300,,168,0.54,1.11,不一樣 英文,2020/10/9 16:00,"Knowledge card,Top stories,Thumbnails",300
206,台大排名,tw,3,300,,274,0.91,1.13,台大排名,2020/10/9 06:31,"Featured snippet,Top stories,Thumbnails,Image pack",300
207,喜樂纖副作用,tw,1,300,,469,1.59,1.34,喜樂纖有效嗎,2020/10/14 20:15,"Top stories,Thumbnails,Image pack",300
208,乳酸 英文,tw,0,300,0,55,0.18,1.19,lactic acid 中文,2020/10/16 16:03,"Knowledge card,Sitelinks,Image pack",400
209,優格 好處,tw,5,300,,425,1.48,1.23,優格 好處,2020/10/10 13:09,"Featured snippet,Thumbnails,Top stories",300
210,台糖乳酸菌,tw,0,300,,569,1.86,1.47,台糖乳酸菌,2020/10/5 19:41,"Adwords top,Top stories,Thumbnails,Image pack,Adwords bottom,Shopping results",300
211,龍根,tw,0,300,,92,0.33,1.19,龍根,2020/10/16 20:02,Sitelinks,350
212,活益比菲多,tw,0,300,,177,0.59,1.1,比菲多,2020/10/17 07:44,"Sitelinks,Image pack",300
213,一家人益生菌評價,tw,0,300,,340,1.15,1.11,一家人益生菌,2020/10/7 11:53,"Top stories,Thumbnails,Image pack,Adwords bottom",300
214,腸 英文,tw,0,300,0,64,0.23,1.12,腸 英文,2020/10/15 13:06,"Knowledge card,Top stories,Thumbnails,Image pack",450
215,娘家益生菌評價,tw,0,300,,411,1.47,1.24,娘家益生菌功效,2020/10/8 22:09,"Adwords top,Top stories,Thumbnails,Image pack",300
216,costco益生菌,tw,1,300,,385,1.27,1.44,威德益生菌,2020/10/17 13:52,"Shopping results,Thumbnails,Image pack,Adwords bottom",300
217,佳敏,tw,0,300,,252,0.91,1.82,佳敏,2020/10/17 06:23,"Sitelinks,Image pack",300
218,腸道益生菌,tw,3,300,0.7,291,1.02,1.15,益生菌,2020/10/20 07:50,"Sitelinks,Image pack",500
219,康爾喜益生菌功效,tw,0,300,,395,1.27,1.26,康爾喜益生菌功效,2020/10/11 18:46,"Featured snippet,Thumbnails,Image pack,Top stories",300
220,一直想大便,tw,4,300,,564,1.78,1.27,大腸癌症狀,2020/10/5 10:31,"Top stories,Thumbnails,Image pack",300
221,大腸桿菌 英文,tw,2,300,,52,0.18,1.04,大腸桿菌,2020/10/16 23:57,"Knowledge card,Sitelinks,Image pack",300
222,德龍,tw,7,300,,164,0.53,1.87,德龍國小,2020/10/18 02:07,"Sitelinks,Image pack",450
223,好嗎,tw,0,300,,21,0.07,1.24,我好嗎,2020/10/7 11:32,"Thumbnails,Top stories",700
224,probiotic 中文,tw,1,300,,49,0.17,1.09,probiotics 中文,2020/10/8 12:37,"Knowledge card,Top stories,Thumbnails",500
225,成份 英文,tw,0,250,0,54,0.21,1.18,成份英文,2020/10/17 03:17,"Knowledge card,Image pack",600
226,三多乳清蛋白,tw,0,250,,426,1.57,1.47,三多乳清蛋白,2020/10/8 09:09,"Shopping results,Thumbnails,Adwords top,Top stories",250
227,請問 你是哪裡人,tw,1,250,,260,1.05,1.15,請問你是哪裡人,2020/10/9 04:01,"Top stories,Thumbnails,Image pack",250
228,女生類型,tw,0,250,,431,1.59,1.28,女生類型,2020/10/20 14:09,Image pack,300
229,酵素英文,tw,0,250,,72,0.29,1.17,酵素,2020/10/22 21:56,Knowledge card,700
230,新普利酵素,tw,0,250,,194,0.76,1.49,新普利,2020/9/29 19:17,"Shopping results,Thumbnails,Adwords top,Top stories,Image pack",250
231,寡糖乳酸菌,tw,0,250,,371,1.41,1.07,台糖益生菌,2020/10/3 11:53,"Shopping results,Thumbnails,Top stories,Image pack",250
232,鹼 英文,tw,0,250,0,98,0.41,1.12,鹼 英文,2020/10/10 12:38,"Knowledge card,Top stories,Thumbnails",250
233,排便順暢,tw,3,250,,240,0.91,1.16,便秘,2020/9/25 18:01,"Featured snippet,Thumbnails,Top stories,Image pack",250
234,天然 英文,tw,0,250,0,49,0.18,1.16,天然的 英文,2020/10/17 08:40,Knowledge card,350
235,兒童益生菌,tw,0,250,,292,1.11,1.27,嬰兒益生菌,2020/10/2 20:09,"Shopping results,Thumbnails,Adwords top,Top stories",350
236,成人排行,tw,2,250,,268,1.16,3.33,成人網站,2020/9/26 02:26,,250
237,藍莓 英文,tw,0,250,0,25,0.11,1.19,藍莓 英文,2020/10/17 02:03,"Knowledge card,Sitelinks,Image pack",250
238,消化菌,tw,0,250,,205,0.83,1.34,消化菌,2020/10/10 00:23,"Top stories,Thumbnails,Image pack",250
239,過敏性鼻炎 英文,tw,2,250,,69,0.28,1.2,鼻子過敏 英文,2020/10/20 09:01,"Knowledge card,Sitelinks",300
240,娘家益生菌ptt,tw,0,250,,519,2.1,1.11,好聰敏益生菌ptt,2020/10/20 18:57,"Image pack,Adwords bottom",250
241,腸胃不好吃什麼,tw,6,250,,359,1.5,1.27,胃痛吃什麼,2020/10/9 11:21,"Featured snippet,Top stories,Thumbnails",250
242,纖先暢,tw,0,250,,301,1.26,1.74,纖先暢,2020/10/17 02:24,"Shopping results,Thumbnails,Adwords top,Image pack",250
243,幽門桿菌益生菌,tw,0,250,,302,1.22,1.51,幽門桿菌益生菌,2020/10/11 05:46,"Top stories,Thumbnails",250
244,costco 蔓越莓,tw,0,250,,259,1.08,1.16,costco 蔓越莓,2020/10/2 12:54,"Image pack,Top stories,Thumbnails",250
245,副乾酪乳桿菌,tw,0,250,,208,0.84,1.19,副乾酪乳桿菌,2020/10/7 10:29,,250
246,芽孢乳酸菌,tw,0,250,,350,1.37,1.51,芽孢乳酸菌,2020/9/29 17:00,"Top stories,Thumbnails,Image pack",250
247,兒童益生菌推薦,tw,0,250,,361,1.51,1.34,益生菌推薦2019,2020/10/16 06:27,"Featured snippet,Thumbnails,Sitelinks,Image pack",250
248,醫敏家,tw,0,250,,440,1.67,1.47,醫敏家,2020/10/10 09:25,"Shopping results,Thumbnails,Image pack,Adwords bottom",250
249,好聰敏益生菌ptt,tw,0,250,,519,2.1,1.27,娘家益生菌ptt,2020/10/6 04:40,Image pack,250
250,三多膳食纖維,tw,0,250,,322,1.39,1.36,三多膳食纖維,2020/10/8 03:40,"Shopping results,Thumbnails,Adwords top,Image pack",250
251,樂益活益生菌,tw,0,250,,309,1.2,1.4,樂益活益生菌,2020/10/10 11:40,"Image pack,Adwords bottom",250
252,益生菌 日本,tw,0,250,,205,0.83,1.09,日本 益生菌,2020/10/8 03:24,"Shopping results,Thumbnails,Image pack,Top stories",300
253,小腸 英文,tw,1,250,0,91,0.38,1.19,大腸 英文,2020/10/16 20:10,"Knowledge card,Sitelinks,Image pack",250
254,一直大便,tw,4,250,,401,1.57,1.21,大便,2020/10/2 05:47,"Top stories,Thumbnails,Image pack",250
255,長大人,tw,0,250,,200,0.76,1.22,李時珍長大人,2020/10/17 08:20,"Shopping results,Thumbnails,Adwords top",250
256,廁所標示牌,tw,0,250,,250,0.98,1.81,廁所標誌,2020/10/22 07:36,Image pack,250
257,多特瑞 ptt,tw,0,250,,580,2.27,1.51,多特瑞 ptt,2020/10/6 17:59,Image pack,250
258,lp28,tw,0,250,0.04,315,1.16,1.45,lp28,2020/10/20 11:05,Image pack,300
259,腸胃炎英文,tw,0,250,,116,0.47,1.28,腸胃炎 英文,2020/9/24 02:12,"Knowledge card,Image pack",1500
260,一直脹氣,tw,4,250,,309,1.25,1.28,脹氣怎麼辦,2020/10/8 13:24,"Top stories,Thumbnails",250
261,複合 英文,tw,1,250,0,82,0.32,1.2,交往 英文,2020/10/3 02:57,"Knowledge card,Top stories,Thumbnails",300
262,肚子痛拉不出來,tw,0,250,,306,1.28,1.14,腸躁症症狀,2020/10/22 20:13,Image pack,250
263,常常拉肚子,tw,1,250,,343,1.51,1.2,腹瀉,2020/10/8 08:42,"Featured snippet,Top stories,Thumbnails",250
264,乳鼠,tw,0,250,,213,0.81,1.19,乳鼠,2020/10/20 22:10,Image pack,250
265,台灣三得利,tw,0,250,,263,1.1,1.09,suntory jp,2020/10/12 00:03,"Adwords top,Top stories,Thumbnails,Image pack",250
266,不良 英文,tw,0,250,,50,0.19,1.21,不良 英文,2020/10/17 16:59,Knowledge card,350
267,景岳益生菌,tw,0,250,,282,1.09,1.28,景岳,2020/10/9 07:21,"Shopping results,Thumbnails,Top stories,Image pack",250
268,便秘英文,tw,0,250,,77,0.31,1.17,大便 英文,2020/9/26 06:03,"Knowledge card,Top stories,Thumbnails,Image pack",400
269,腸胃炎 益生菌,tw,1,200,,262,1.43,1.23,急性腸胃炎,2020/10/22 07:19,"Featured snippet,Thumbnails,Image pack",200
270,色素 英文,tw,0,200,0,58,0.27,1.1,食用色素 英文,2020/10/7 21:58,Knowledge card,300
271,孕婦 益生菌,tw,4,200,,293,1.53,1.21,懷孕 益生菌,2020/10/8 10:42,"Shopping results,Thumbnails",250
272,便宜英文,tw,1,200,,99,0.46,1.06,便宜 英文,2020/10/4 00:03,"Knowledge card,Top stories,Thumbnails",250
273,益生質,tw,0,200,,213,1.11,1.5,益生質,2020/10/9 16:53,"Adwords top,Top stories,Thumbnails",200
274,乳酸菌推薦,tw,2,200,0.7,154,0.77,1.44,益生菌推薦2019,2020/9/26 13:42,,200
275,飛比價格 ptt,tw,0,200,,178,0.93,1.15,飛比價格 ptt,2020/10/17 08:28,Image pack,200
276,酵母寶寶,tw,3,200,,172,0.8,1.35,酵母寶寶,2020/10/10 06:44,"Top stories,Thumbnails,Image pack",200
277,優酪乳 英文,tw,0,200,,150,0.75,1.13,優酪乳 英文,2020/10/7 17:25,Knowledge card,200
278,乳糖 英文,tw,0,200,,14,0.07,1.17,乳糖 英文,2020/10/6 16:24,"Knowledge card,Image pack",250
279,lgg益生菌,tw,1,200,,213,1.16,1.23,lgg,2020/10/13 21:52,"Top stories,Thumbnails",200
280,白蘭氏 雞精,tw,2,200,,270,1.3,1.05,白蘭氏雞精,2020/10/11 21:25,"Shopping results,Thumbnails,Adwords top,Top stories,Image pack",200
281,益生菌膠囊,tw,1,200,,160,0.87,1.15,益生菌膠囊,2020/10/9 11:37,"Top stories,Thumbnails,Image pack",200
282,有幫助的 英文,tw,0,200,,120,0.6,1.1,有幫助的 英文,2020/10/7 16:39,Knowledge card,200
283,costco on 乳清,tw,2,200,,262,1.37,1.08,costco 高蛋白,2020/10/4 08:36,"Top stories,Thumbnails,Image pack",200
284,益生,tw,1,200,0.01,82,0.43,1.26,益生生技,2020/10/21 10:46,"Adwords top,Image pack",350
285,酵母寶寶的異想世界,tw,2,200,,171,0.93,1.3,酵母寶寶,2020/10/16 22:21,Image pack,200
286,無糖 英文,tw,0,200,,123,0.7,1.24,無糖 英文,2020/10/22 21:14,Knowledge card,200
287,益生菌 乳酸菌,tw,1,200,,236,1.23,1.33,乳酸菌,2020/10/6 23:17,"Top stories,Thumbnails",200
288,腸胃 英文,tw,0,200,0,50,0.26,1.14,腸胃 英文,2020/10/5 09:15,"Knowledge card,Top stories,Thumbnails",300
289,costco 蛋白粉,tw,3,200,,289,1.45,1.28,costco 高蛋白,2020/10/8 14:00,"Shopping results,Thumbnails,Top stories",200
290,義美 ptt,tw,0,200,0,312,1.63,1.17,義美 ptt,2020/10/4 08:14,Image pack,200
291,三多利益生菌,tw,0,200,,176,0.96,1.23,三得利益生菌,2020/10/8 23:47,"Adwords top,Image pack,Shopping results,Thumbnails",200
292,有效性 英文,tw,0,200,,26,0.13,1.29,有效性 英文,2020/9/24 13:10,Knowledge card,250
293,lp33益生菌膠囊,tw,2,200,,384,2.19,1.2,lp33益生菌,2020/10/4 19:15,"Shopping results,Thumbnails,Adwords top,Image pack,Adwords bottom",200
294,菌根,tw,0,200,,147,0.8,1.57,菌根,2020/9/24 15:43,"Featured snippet,Thumbnails,Top stories,Image pack",400
295,甜 英文,tw,3,200,0,56,0.27,1.06,甜 英文,2020/10/17 09:24,Knowledge card,300
296,台塑 益生菌,tw,0,200,,295,1.65,1.73,台塑益生菌,2020/10/16 04:00,"Shopping results,Thumbnails,Top stories,Image pack",200
297,吃益生菌,tw,2,200,,154,0.84,1.15,吃益生菌,2020/10/2 01:02,"Top stories,Thumbnails,Image pack",200
298,酵素免疫分析法,tw,0,200,,147,0.77,1.24,酵素免疫分析法,2020/10/9 18:02,"Featured snippet,Thumbnails",200
299,威德 益生菌,tw,1,200,,289,1.45,1.13,威德益生菌,2020/10/20 09:28,"Image pack,Shopping results,Thumbnails",200
300,有效的英文,tw,0,200,,30,0.14,1.06,有效的 英文,2020/10/21 05:57,Knowledge card,200
301,好市多藍莓,tw,0,200,,255,1.28,1.26,冷凍藍莓,2020/10/9 09:34,"Top stories,Thumbnails,Image pack",200
302,lactobacillus 中文,tw,0,200,,47,0.22,1.19,lactobacillus,2020/10/19 03:46,"Featured snippet,Image pack",300
303,肚子痛 拉肚子,tw,1,200,,295,1.42,1.16,肚子痛,2020/10/17 15:13,"Sitelinks,Image pack",200
304,益生菌 何時吃,tw,1,200,,335,1.75,1.29,益生菌什麼時候吃,2020/9/28 07:25,"Featured snippet,Top stories,Thumbnails",200
305,美樂家 ptt,tw,0,200,0,505,2.26,1.2,美樂家 ptt,2020/10/16 07:49,Image pack,200
306,台糖生技,tw,1,200,,178,0.97,1.21,台糖生技,2020/10/17 22:38,"Sitelinks,Image pack",200
307,酵素粉,tw,0,200,,150,0.69,1.2,酵素粉,2020/10/22 21:40,"Shopping results,Thumbnails,Image pack",250
308,益菌多,tw,0,200,,108,0.59,1.09,益菌多,2020/10/18 19:28,Image pack,200
309,養樂多優酪乳,tw,1,200,,151,0.86,1.36,養樂多,2020/10/8 13:59,"Top stories,Thumbnails",200
310,植物乳桿菌,tw,0,200,,174,0.87,1.23,植物乳桿菌,2020/9/27 18:10,,200
311,喜樂纖怎麼吃,tw,1,200,,215,1,1.28,喜樂纖評價,2020/10/10 14:12,"Featured snippet,Thumbnails,Top stories",200
312,好市多 藍莓,tw,0,200,,272,1.42,1.21,costco 藍莓,2020/10/15 20:02,"Image pack,Top stories,Thumbnails",200
313,比菲德氏菌 + 乳寡醣,tw,0,200,,295,1.61,1.17,三得利 益生菌,2020/10/10 13:57,"Top stories,Thumbnails,Image pack",200
314,小結 英文,tw,0,200,,145,0.65,1.14,小結 英文,2020/9/26 01:51,"Knowledge card,Image pack",350
315,乳鐵蛋白推薦,tw,0,200,,283,1.49,1.89,乳鐵蛋白,2020/10/5 10:03,"Featured snippet,Thumbnails,Top stories,Image pack",200
316,probiotics益生菌,tw,4,200,,104,0.59,1.31,威德益生菌,2020/10/10 07:39,"Top stories,Thumbnails,Image pack",200
317,台大 排名,tw,4,200,,117,0.64,1.1,最新台灣大學排名,2020/10/7 03:28,"Featured snippet,Thumbnails,Top stories,Image pack",200
318,想大便大不出來,tw,2,200,,255,1.23,1.27,大便大不出來,2020/10/17 00:46,Image pack,200
319,森下真,tw,0,200,,250,1.16,1.62,森下真,2020/10/10 01:08,Image pack,900
320,益生菌 減肥,tw,0,200,,447,2,1.25,益生菌 減肥,2020/9/28 04:26,"Top stories,Thumbnails,Image pack",250
321,威德益生菌ptt,tw,0,200,,365,1.76,1.19,威德益生菌ptt,2020/10/9 15:06,Image pack,200
322,葡萄王 益菌王,tw,0,200,,397,2.26,1.15,葡萄王益生菌,2020/9/27 19:01,"Shopping results,Thumbnails,Top stories,Image pack",200
323,好事多益生菌,tw,0,200,,256,1.19,1.3,威德益生菌,2020/10/8 02:45,"Top stories,Thumbnails",200
324,l92乳酸菌,tw,0,200,,205,1.17,1.37,l-92乳酸菌,2020/10/5 14:36,"Shopping results,Thumbnails,Adwords top,Image pack",1300
325,gg包,tw,1,200,,125,0.71,1.09,gucci包,2020/10/7 20:48,"Top stories,Thumbnails",200
326,活沛多評價,tw,0,200,,212,0.95,1.1,活沛多評價,2020/10/16 22:46,Image pack,200
327,維善優,tw,0,200,,197,1.1,2.04,維善優,2020/10/18 18:46,Image pack,200
328,露天評價,tw,1,200,,180,0.94,1.07,露天 評價,2020/10/16 08:47,Image pack,200
329,整腸,tw,1,200,,281,1.41,1.19,健胃整腸,2020/10/17 01:37,Image pack,1100
330,酵素 益生菌,tw,0,200,,242,1.38,1.24,乳酸菌,2020/10/17 04:11,"Shopping results,Thumbnails,Image pack",200
331,葡萄糖粉,tw,0,200,,235,1.34,1.28,葡萄糖粉,2020/10/5 03:57,"Image pack,Top stories,Thumbnails",200
332,埋 英文,tw,0,200,0,42,0.23,1.15,埋 英文,2020/10/17 09:47,"Knowledge card,Image pack",250
333,益生菌 時間,tw,2,150,,190,1.44,1.7,益生菌怎麼吃,2020/10/9 00:51,"Featured snippet,Top stories,Thumbnails",150
334,狗 益生菌,tw,0,150,,199,1.31,1.14,寵物益生菌,2020/9/26 18:04,"Shopping results,Thumbnails,Top stories,Image pack",150
335,表飛鳴 益生菌,tw,1,150,,221,1.63,1.11,表飛鳴,2020/10/16 19:55,Adwords bottom,150
336,酵母粉推薦,tw,1,150,,214,1.41,1.28,酵母粉,2020/10/15 12:30,Image pack,150
337,胃食道逆流 益生菌,tw,0,150,,245,1.82,1.46,益生菌 胃食道逆流,2020/10/2 06:33,"Featured snippet,Top stories,Thumbnails",150
338,緩解 英文,tw,0,150,,26,0.16,1.07,緩解 英文,2020/10/23 01:28,Knowledge card,200
339,喜樂纖吃法,tw,1,150,,156,1.15,1.24,喜樂纖,2020/10/9 14:10,"Top stories,Thumbnails,Image pack",150
340,康敏益生菌,tw,0,150,,138,1,1.58,康敏益生菌,2020/10/16 08:46,Image pack,150
341,黑元益生茶有效嗎,tw,0,150,,156,1.03,1.23,黑元益生茶,2020/10/17 15:02,Image pack,150
342,乳酸菌功效,tw,1,150,,173,1.03,1.39,乳酸菌功效,2020/10/9 17:02,"Adwords top,Featured snippet,Top stories,Thumbnails",250
343,懷孕 益生菌,tw,4,150,,273,1.63,1.23,孕婦 益生菌,2020/10/14 09:09,"Featured snippet,Top stories,Thumbnails",150
344,超七功效,tw,0,150,,215,1.42,1.58,超七功效,2020/9/24 06:16,"Featured snippet,Thumbnails,Top stories",150
345,腸躁症 益生菌,tw,0,150,,185,1.16,1.29,腸躁症益生菌,2020/10/8 12:00,"Top stories,Thumbnails",150
346,香料英文,tw,0,150,,73,0.48,1.07,香菜英文,2020/10/16 18:42,Knowledge card,200
347,酵素x酵母,tw,0,150,,256,1.5,1.86,酵素x酵母,2020/10/3 08:18,"Shopping results,Thumbnails,Top stories,Image pack",300
348,三德利,tw,0,150,,136,1.03,1.48,三得利,2020/10/7 17:57,"Shopping results,Thumbnails,Adwords top,Sitelinks,Top stories,Image pack",150
349,許路兒品牌,tw,1,150,,174,1.04,1.67,許路兒,2020/10/18 07:46,"Adwords top,Sitelinks,Image pack",150
350,costco咖啡豆推薦,tw,2,150,,161,1.26,1.31,好市多咖啡豆推薦,2020/10/7 22:58,"Top stories,Thumbnails,Image pack",150
351,水黏珠,tw,0,150,,153,1.05,1.95,水黏珠,2020/10/4 00:00,"Top stories,Thumbnails,Image pack",150
352,拉肚子 益生菌,tw,0,150,,179,1.4,1.2,益生菌 拉肚子,2020/10/3 16:05,"Top stories,Thumbnails",150
353,消化系統 英文,tw,0,150,0,30,0.2,1.03,消化道 英文,2020/10/22 02:40,"Knowledge card,Sitelinks,Image pack",200
354,鼻炎膠囊,tw,0,150,,182,1.14,1.16,斯斯鼻炎膠囊,2020/9/27 19:31,Image pack,150
355,善鼻,tw,0,150,,153,1.2,1.51,脈動式洗鼻器,2020/9/27 09:07,"Shopping results,Thumbnails,Top stories,Image pack",150
356,bb536,tw,0,150,,286,1.65,2.26,bb536,2020/9/26 11:55,"Top stories,Thumbnails,Image pack",3100
357,早產兒 英文,tw,0,150,0,74,0.49,1.18,早產兒 英文,2020/10/15 10:36,"Knowledge card,Image pack",150
358,食用 英文,tw,0,150,0,62,0.37,1.02,食用 英文,2020/10/4 13:41,"Knowledge card,Top stories,Thumbnails,Image pack",200
359,菊苣根,tw,0,150,,85,0.56,1.18,菊苣根,2020/10/8 00:31,Image pack,250
360,優益生,tw,0,150,,,,,優益生,2020/10/13 07:42,"Top stories,Thumbnails",150
361,優質蛋白素,tw,0,150,,152,0.95,1.21,安麗高蛋白,2020/10/22 06:06,Image pack,150
362,益生菌 便秘,tw,1,150,,264,1.74,1.13,益生菌 便秘,2020/10/7 02:18,"Shopping results,Thumbnails,Top stories",150
363,多益推薦用書2018,tw,2,150,,222,1.72,1.38,多益書推薦,2020/10/3 09:39,"Top stories,Thumbnails,Image pack,Adwords bottom",150
364,台塑生醫 益生菌,tw,0,150,,222,1.64,1.15,台塑益生菌,2020/10/6 11:43,"Shopping results,Thumbnails,Image pack",150
365,便祕 益生菌,tw,1,150,,190,1.38,1.56,便祕 益生菌,2020/10/16 19:28,"Featured snippet,Thumbnails,Image pack",150
366,美安 益生菌,tw,0,150,,233,1.54,1.11,美安 益生菌,2020/9/30 18:53,"Shopping results,Thumbnails,Top stories,Image pack",150
367,推薦益生菌,tw,3,150,,186,1.41,1.37,益生菌推薦,2020/10/13 12:15,"Featured snippet,Thumbnails,Top stories",150
368,顧胃,tw,1,150,,174,1.04,1.31,胃痛吃什麼,2020/10/8 08:11,"Featured snippet,Top stories,Thumbnails",150
369,李敏 清大,tw,0,150,,182,1.32,1.31,李敏,2020/9/30 01:51,"Top stories,Thumbnails,Image pack",150
370,好聰敏益生菌 第3代,tw,0,150,,177,1.23,1.26,好聰敏益生菌,2020/9/26 23:46,Image pack,150
371,酶開研酵,tw,0,150,,141,0.95,2,酶開研酵,2020/10/16 09:00,"Sitelinks,Image pack",150
372,jamieson 益生菌,tw,0,150,,263,1.77,1.57,300億益生菌,2020/9/26 00:49,"Shopping results,Thumbnails,Image pack",150
373,少量 英文,tw,0,150,0,60,0.36,1.19,少量 英文,2020/10/20 05:49,Knowledge card,300
374,鹼性 英文,tw,0,150,0,54,0.32,1.21,鹼 英文,2020/10/17 03:42,Knowledge card,150
375,口臭 ptt,tw,0,150,0,209,1.65,1.23,口水 臭,2020/10/8 20:36,,150
376,胃不好,tw,6,150,0,171,1.26,1.18,胃潰瘍飲食,2020/10/4 22:12,"Top stories,Thumbnails,Image pack",150
377,好菌,tw,2,150,,116,0.69,1.25,好菌,2020/9/28 05:38,"Top stories,Thumbnails,Image pack",150
378,杜邦 ptt,tw,0,150,,286,2.11,1.24,杜邦 ptt,2020/10/5 04:02,Image pack,150
379,食用菌,tw,0,150,,36,0.28,1.03,蕈,2020/9/26 21:02,"Top stories,Thumbnails,Image pack",150
380,清大生輔組,tw,0,150,0,141,1.05,1.33,清大獎學金,2020/9/28 10:56,Image pack,150
381,陰道球,tw,0,150,,164,1.14,1.13,聰明球,2020/9/26 02:43,,150
382,鹽晶王,tw,1,150,,147,1.14,1.54,鹽晶王,2020/10/17 01:15,"Sitelinks,Image pack",150
383,一家人 益生菌,tw,0,150,,125,0.98,1.18,一家人益生菌,2020/10/7 09:54,"Top stories,Thumbnails,Image pack",150
384,藍莓英文,tw,0,150,0,0,0,1.08,藍莓,2020/10/18 23:59,"Knowledge card,Sitelinks,Image pack",200
385,艾多美 益生菌,tw,0,150,,148,1.09,1.19,艾多美益生菌,2020/10/13 04:16,"Top stories,Thumbnails,Image pack",150
386,異位性皮膚炎 益生菌,tw,0,150,,226,1.57,1.43,異位性皮膚炎 益生菌,2020/10/11 19:24,"Top stories,Thumbnails",150
387,億菌多,tw,0,150,,222,1.44,1.61,億菌多,2020/10/3 16:05,"Shopping results,Thumbnails,Top stories,Image pack",150
388,劑量 英文,tw,0,150,0,16,0.1,1.2,劑量 英文,2020/10/9 12:30,Knowledge card,200
389,數共,tw,0,150,,,,,數共,2020/10/9 12:48,"Top stories,Thumbnails",150
390,葡萄王產品,tw,1,150,,108,0.71,1.16,葡萄王生技,2020/10/15 16:31,"Adwords top,Featured snippet,Image pack,Top stories,Thumbnails",150
391,weider 益生菌,tw,2,150,,200,1.57,1.12,威德益生菌,2020/10/4 12:44,"Shopping results,Thumbnails,Top stories,Image pack",150
392,黑元益生茶評價,tw,0,150,,114,0.88,1.28,黑元益生茶,2020/10/10 00:44,"Top stories,Thumbnails,Image pack",150
393,好市多蔓越莓,tw,0,150,,112,0.78,1.28,蔓越莓錠costco,2020/10/15 09:53,"Image pack,Top stories,Thumbnails",150
394,好市多乳清蛋白,tw,1,150,,238,1.57,1.36,costco 高蛋白,2020/10/5 07:03,"Shopping results,Thumbnails,Top stories,Image pack",150
395,肚子脹氣拉肚子,tw,5,150,0,169,1.18,1.36,肚子脹氣,2020/10/10 01:05,"Featured snippet,Top stories,Thumbnails,Image pack",150
396,消化不良 英文,tw,0,150,,42,0.25,1.2,消化不良 英文,2020/9/25 10:19,"Knowledge card,Image pack",250
397,優格 ptt,tw,0,150,,235,1.55,1.12,優格 ptt,2020/10/3 03:43,Image pack,150
398,lp33 益生菌,tw,1,150,,102,0.75,1.13,lp33益生菌,2020/10/15 18:09,"Shopping results,Thumbnails,Adwords top,Top stories,Image pack",150
399,三得利 益生菌,tw,0,150,,253,1.51,1.12,三得利益生菌,2020/10/4 08:37,"Shopping results,Thumbnails,Adwords top,Top stories,Image pack",150
400,costco 蛋白,tw,1,150,0,185,1.22,1.5,costco 高蛋白,2020/9/25 18:22,"Shopping results,Thumbnails,Top stories,Image pack",150
401,德瑞森益生菌,tw,0,150,,215,1.5,1.68,德瑞森益生菌,2020/10/4 18:53,Image pack,150
402,優格 飼料,tw,1,150,,159,1.05,1.13,優格飼料,2020/10/9 06:48,"Shopping results,Thumbnails,Image pack",150
403,花粉 英文,tw,0,150,0,24,0.15,1.04,花粉 英文,2020/10/8 11:18,"Knowledge card,Top stories,Thumbnails",350
404,許博士,tw,0,150,,,,,許博士,2020/9/25 14:01,Image pack,150
405,威客杯 ptt,tw,0,150,,217,1.43,1.15,威客杯 ptt,2020/10/6 23:02,"Top stories,Thumbnails,Image pack",150
406,嬰兒 益生菌,tw,0,150,,203,1.41,1.23,嬰兒益生菌,2020/10/13 04:53,"Top stories,Thumbnails",150
407,咖啡 脹氣,tw,0,150,0,204,1.28,1.24,咖啡 脹氣,2020/9/24 15:18,"Featured snippet,Top stories,Thumbnails,Image pack",150
408,推荐,tw,7,150,0,51,0.39,1.07,推薦,2020/10/19 02:34,"Knowledge card,Sitelinks",1400
409,葡眾評價,tw,0,150,,224,1.56,1.49,葡眾直銷,2020/10/7 10:48,"Top stories,Thumbnails,Image pack",150
410,纖維素 英文,tw,0,150,,22,0.15,1.11,cellulose 中文,2020/10/16 13:48,"Knowledge card,Sitelinks,Image pack",150
411,消化作用,tw,0,100,,39,0.36,1.14,消化作用,2020/10/9 04:27,"Featured snippet,Thumbnails",100
412,義美產品目錄,tw,6,100,,103,1.08,1.35,義美,2020/10/8 02:29,Image pack,100
413,吃益生菌拉肚子,tw,0,100,,156,1.4,1.3,益生菌 拉肚子,2020/10/13 13:24,"Top stories,Thumbnails",100
414,皮膚英文,tw,0,100,,13,0.14,1.21,膚色 英文,2020/10/6 12:39,"Knowledge card,Top stories,Thumbnails",100
415,igy評價,tw,0,100,,81,0.7,1.32,igy,2020/10/2 07:03,"Top stories,Thumbnails,Image pack",100
416,顧胃的食物,tw,3,100,,124,1.25,1.14,胃痛吃什麼,2020/10/4 04:32,"Featured snippet,Top stories,Thumbnails,Image pack",100
417,乳菓在一起,tw,3,100,,86,0.87,1.28,乳果再一起,2020/10/7 09:57,"Top stories,Thumbnails,Image pack",100
418,白蘭氏 益生菌,tw,0,100,,136,1.31,1.11,白蘭氏益生菌,2020/10/17 10:39,"Adwords top,Image pack,Shopping results,Thumbnails",100
419,開架保養品推薦2017,tw,0,100,,180,1.82,1.32,開架保養品推薦2017,2020/10/20 11:53,Image pack,100
420,鼠李糖,tw,0,100,,83,0.69,1.2,鼠李糖,2020/10/3 21:07,Image pack,150
421,脹氣 益生菌,tw,0,100,,135,1.3,1.12,益生菌 脹氣,2020/10/5 05:28,"Top stories,Thumbnails",100
422,菌種,tw,0,100,,23,0.24,1.16,菌種,2020/9/25 18:51,"Top stories,Thumbnails,Image pack",150
423,威德in果凍效果,tw,0,100,,154,1.56,1.1,威德in果凍副作用,2020/10/15 19:47,"Featured snippet,Thumbnails,Image pack",100
424,李優 奶,tw,0,100,,113,1.09,1.13,李優 寫真,2020/10/18 20:38,,100
425,優酪乳 益生菌,tw,3,100,,131,1.36,1.12,優酪乳,2020/10/10 19:44,"Top stories,Thumbnails",100
426,葡萄糖英文,tw,0,100,,18,0.15,1.36,葡萄糖,2020/9/27 19:57,Knowledge card,150
427,三多羊奶粉,tw,0,100,,,,,三多羊奶粉,2020/10/16 23:01,"Shopping results,Thumbnails,Image pack",100
428,益生菌 脹氣,tw,0,100,,160,1.45,1.22,脹氣怎麼辦,2020/9/27 03:28,"Top stories,Thumbnails",100
429,胚芽乳酸桿菌,tw,0,100,,134,1.39,1.33,胚芽乳酸桿菌,2020/10/4 13:00,"Shopping results,Thumbnails,Image pack,Adwords bottom",100
430,真蓋特飛龍,tw,0,100,,125,1.23,1.11,真蓋特飛龍,2020/10/9 03:06,Image pack,150
431,腸道益生菌推薦,tw,5,100,,106,0.94,1.22,益生菌ptt,2020/10/20 00:30,"Featured snippet,Image pack",150
432,益生菌 比較,tw,5,100,,236,1.95,1.46,益生菌比較,2020/9/24 23:11,"Image pack,Top stories,Thumbnails",100
433,食用色素 哪裡買,tw,0,100,,104,1,1.19,食用色素哪裡買,2020/9/24 08:50,,100
434,蔓越莓粉,tw,0,100,,156,1.42,1.29,蔓越莓粉,2020/10/11 12:04,"Shopping results,Thumbnails,Image pack",100
435,脹氣 吃什麼,tw,3,100,,166,1.51,1.21,脹氣吃什麼,2020/10/8 08:05,"Featured snippet,Top stories,Thumbnails",100
436,飛比價格ptt,tw,0,100,,102,0.91,1.28,飛比價格 ptt,2020/10/6 14:10,Image pack,100
437,李新藝人,tw,0,100,,99,0.88,1.19,李新 藝人,2020/10/17 22:41,Sitelinks,100
438,成人善存,tw,0,100,,121,1.22,1.45,善存,2020/10/17 11:29,"Shopping results,Thumbnails,Image pack",100
439,l-92乳酸菌評價,tw,0,100,,147,1.54,1.43,l-92乳酸菌評價,2020/10/11 16:51,"Adwords top,Image pack",100
440,安麗 益生菌,tw,0,100,,150,1.47,1.1,安麗益生菌,2020/10/2 21:18,"Adwords top,Top stories,Thumbnails,Image pack",100
441,菌種 英文,tw,0,100,,31,0.3,1.1,菌種 英文,2020/10/9 00:33,Knowledge card,100
442,妙利散副作用,tw,0,100,,159,1.31,1.39,妙利散,2020/10/7 10:51,Image pack,100
443,益生菌 功效,tw,4,100,,164,1.57,1.3,益生菌功效,2020/9/29 16:34,"Featured snippet,Thumbnails,Top stories",100
444,菲德特,tw,0,100,,127,1.05,1.34,菲德特,2020/10/8 08:33,,100
445,羊便便,tw,0,100,,87,0.83,1.26,羊大便,2020/10/22 08:31,Image pack,100
446,鹼博士,tw,0,100,,174,1.82,1.42,鹼博士,2020/10/16 19:16,Image pack,100
447,脹氣 優酪乳,tw,0,100,,99,0.88,1.14,優酪乳 脹氣,2020/10/2 20:59,"Featured snippet,Thumbnails",100
448,善玉菌,tw,0,100,,77,0.62,1.23,善玉菌,2020/10/11 10:27,"Top stories,Thumbnails,Image pack",5300
449,好市多 奶粉,tw,0,100,,109,1.1,1.15,豐力富頂級純濃奶粉,2020/10/17 13:30,Image pack,100
450,威客杯ptt,tw,0,100,,125,1.17,1.07,威客杯 ptt,2020/10/6 09:57,"Top stories,Thumbnails,Image pack",100
451,易口舒吃太多,tw,0,100,,156,1.53,1.13,易口舒副作用,2020/10/18 01:43,Image pack,100
452,纖奶,tw,0,100,,129,1.23,1.13,bodytalk,2020/10/12 17:32,"Top stories,Thumbnails,Image pack",100
453,誤食 英文,tw,0,100,,135,1.14,1.28,誤食 英文,2020/10/13 06:11,Knowledge card,100
454,配方奶 推薦,tw,3,100,,271,2.66,1.45,嬰兒奶粉,2020/10/7 00:13,"Top stories,Thumbnails,Image pack",100
455,菲比·布菲,tw,0,100,,11,0.1,1.03,friends phoebe,2020/10/13 06:36,"Top stories,Thumbnails,Image pack",100
456,胃不好吃什麼,tw,6,100,,127,1.06,1.24,胃潰瘍飲食,2020/10/11 13:18,"Featured snippet,Top stories,Thumbnails",100
457,優酪乳功效,tw,2,100,,166,1.34,1.25,優酪乳功效,2020/10/13 18:10,"Featured snippet,Top stories,Thumbnails",100
458,lactobacillus fermentum,tw,0,100,0.45,70,0.67,1.14,lactobacillus fermentum,2020/9/28 07:10,"Top stories,Thumbnails",3500
459,味根,tw,2,100,0,,,,味根,2020/10/7 01:44,"Top stories,Thumbnails,Image pack",100
460,優格菌粉哪裡買,tw,2,100,,98,0.91,1.42,優格粉,2020/9/24 15:44,"Shopping results,Thumbnails,Image pack",100
461,高蛋白 costco,tw,2,100,,146,1.52,1.14,costco 高蛋白,2020/10/7 10:00,"Top stories,Thumbnails,Image pack",100
462,腸球菌vre 益生菌 enterococcus,tw,0,100,,109,1.13,1.11,腸球菌,2020/10/17 04:32,Sitelinks,100
463,銷售量英文,tw,0,100,,76,0.79,1.27,業績 英文,2020/10/8 13:11,Knowledge card,100
464,喜樂纖沒效果,tw,2,100,,145,1.23,1.48,喜樂纖有效嗎,2020/10/17 09:10,Image pack,100
465,lgg菌,tw,0,100,,139,1.26,1.21,lgg,2020/10/4 22:45,"Shopping results,Thumbnails",200
466,胃乳推薦,tw,1,100,,137,1.19,1.33,胃藥,2020/10/17 19:14,Image pack,100
467,dhc 益生菌,tw,0,100,,112,1.13,1.25,dhc 益生菌,2020/10/18 06:04,Image pack,100
468,皮膚炎 英文,tw,0,100,0,30,0.31,1.38,脂漏性皮膚炎 英文,2020/9/29 15:22,"Featured snippet,Thumbnails,Top stories,Image pack",100
469,益生菌 推薦 ptt,tw,0,100,,186,1.93,1.25,益生菌 ptt,2020/10/5 02:43,"Featured snippet,Thumbnails,Image pack",100
470,威德in果凍有用嗎,tw,0,100,,190,1.77,1.24,威德in果凍效果,2020/10/2 17:29,,100
471,景甜 ptt,tw,0,100,,170,1.78,1.35,景甜ptt,2020/10/15 10:48,Image pack,100
472,ab益生菌,tw,0,100,,114,1.12,1.32,統一ab纖菌素菌粉,2020/10/4 02:57,"Shopping results,Thumbnails,Top stories,Image pack",100
473,婕斯 ptt,tw,0,100,,186,1.88,1.36,婕斯 ptt,2020/10/17 07:33,Image pack,100
474,代謝平衡就會瘦！你一定知道這4類食物,tw,0,100,,117,0.98,1.08,代謝平衡就會瘦！你一定知道這4類食物,2020/10/6 05:51,Image pack,100
475,拉肚子 優酪乳,tw,1,100,,184,1.56,1.33,優酪乳 拉肚子,2020/10/6 06:06,"Featured snippet,Top stories,Thumbnails",100
476,醫食同源酵素,tw,0,100,,160,1.53,1.33,232酵素,2020/10/9 22:57,"Top stories,Thumbnails,Image pack",100
477,私密處保養ptt,tw,0,100,,195,2.03,1.18,私密處保養ptt,2020/10/6 16:53,Image pack,100
478,腸胃炎 優酪乳,tw,0,100,,177,1.48,1.15,腸胃炎 優酪乳,2020/9/24 11:31,"Featured snippet,Top stories,Thumbnails",100
479,萄葡王,tw,14,100,,51,0.5,1.15,葡萄王,2020/9/26 08:50,"Shopping results,Thumbnails,Adwords top,Top stories,Image pack",100
480,l92益生菌,tw,0,100,,180,1.68,1.35,l-92乳酸菌,2020/10/18 20:37,"Shopping results,Thumbnails,Adwords top,Image pack,Adwords bottom",100
481,炎p,tw,0,100,0,101,1.05,1.27,炎亞綸,2020/10/3 22:43,"Top stories,Thumbnails,Image pack",100
482,腸胃不好如何改善,tw,2,100,,116,1.2,1.15,顧胃食物,2020/10/6 14:13,"Featured snippet,Top stories,Thumbnails,Image pack,Adwords bottom",100
483,鐵質 英文,tw,0,100,,47,0.45,1.03,鐵質 英文,2020/10/12 20:36,"Knowledge card,Image pack",200
484,喜樂纖膠囊評價,tw,1,100,,115,1.11,1.25,喜樂纖沒用,2020/10/20 00:01,"Sitelinks,Image pack",100
485,細分 英文,tw,0,100,,33,0.32,1.31,細分 英文,2020/10/4 09:25,Knowledge card,150
486,幼兒益生菌推薦,tw,0,100,,135,1.36,1.38,兒童益生菌推薦,2020/10/13 04:21,Adwords top,100
487,開架保養品推薦2018,tw,2,100,,202,2.11,1.19,開架保養品推薦,2020/10/2 08:12,"Top stories,Thumbnails,Image pack",100
488,貓咪 益生菌,tw,0,100,,,,,貓 益生菌,2020/9/27 09:36,"Shopping results,Thumbnails,Top stories,Image pack",100
489,costco藍莓,tw,1,100,,156,1.58,1.15,costco 藍莓,2020/10/2 18:45,"Image pack,Top stories,Thumbnails",100
490,康貝兒 益生菌,tw,0,100,,164,1.47,1.09,葡眾益生菌,2020/10/7 14:35,Image pack,100
491,阿德比 益生菌,tw,0,100,,197,1.59,1.42,阿德比,2020/9/25 11:59,Image pack,100
492,鼠魚繁殖,tw,0,100,,215,1.82,1.57,鼠魚繁殖,2020/10/14 16:30,"Featured snippet,Thumbnails,Top stories",100
493,拉肚子吃什麼好,tw,2,100,,102,1.06,1.18,拉肚子吃什麼好,2020/10/3 21:46,"Featured snippet,Thumbnails,Top stories",100
494,鐵粉劑,tw,0,100,,204,1.9,1.19,鐵粉去除劑,2020/10/10 09:26,"Top stories,Thumbnails,Image pack",100
495,食品添加物 英文,tw,0,100,,26,0.22,1.19,添加物 英文,2020/9/27 23:18,Knowledge card,100
496,優酪乳 拉肚子,tw,1,100,,174,1.81,1.15,優酪乳 拉肚子,2020/10/2 07:09,Featured snippet,100
497,ab乳果,tw,0,100,,67,0.66,1.14,統一ab乳果,2020/10/5 08:09,"Image pack,Top stories,Thumbnails",100
498,康爾喜功效,tw,0,100,,151,1.37,1.43,康爾喜益生菌功效,2020/10/10 10:20,"Featured snippet,Thumbnails,Image pack,Adwords bottom",100
499,台大生醫,tw,2,100,0,70,0.67,1.2,生醫,2020/10/12 03:17,"Sitelinks,Top stories,Thumbnails,Image pack",100
500,植物優格,tw,0,100,,45,0.44,1.23,植物優,2020/10/16 22:02,Image pack,100
501,優酪乳 ptt,tw,0,100,,253,2.63,1.36,優酪乳 ptt,2020/10/4 06:30,Image pack,100
502,胃乳品牌,tw,1,100,,125,1.23,1.25,日本胃藥,2020/10/3 10:25,Image pack,100
503,晶球益生菌,tw,0,100,,93,0.97,1.21,森下仁丹益生菌,2020/10/15 10:38,"Adwords top,Top stories,Thumbnails,Image pack,Shopping results",100
504,乳清蛋白 推薦 ptt,tw,0,100,,218,2.1,1.27,乳清蛋白推薦品牌,2020/9/28 06:32,"Top stories,Thumbnails,Image pack",100
505,益菌,tw,3,100,,46,0.48,1.08,葡萄王益生菌,2020/10/20 01:30,"Adwords top,Sitelinks,Image pack,Shopping results,Thumbnails",200
506,敏的膠囊,tw,0,100,,156,1.35,1.42,敏的膠囊,2020/9/24 19:15,Image pack,100
507,a菌,tw,1,100,,113,1,1.17,c菌,2020/9/26 21:41,,100
508,益生消化酵素,tw,0,100,,230,1.86,1.38,愛尚它®益生消化酵素粉末,2020/10/4 09:18,"Shopping results,Thumbnails,Top stories,Image pack",100
509,台糖 益生菌,tw,1,100,,128,1.08,1.23,台糖益生菌,2020/9/26 09:23,"Shopping results,Thumbnails,Adwords top,Image pack,Top stories",100
510,味王 調理包,tw,0,100,,150,1.27,1.23,味王調理包,2020/10/7 19:27,"Image pack,Top stories,Thumbnails",100
511,飛龍寶寶,tw,0,100,,59,0.49,1.22,飛龍寶寶,2020/10/17 08:10,Image pack,150
512,b大調,tw,0,100,,55,0.49,1.15,b大調,2020/10/8 06:42,"Top stories,Thumbnails",150
513,鼻子過敏 益生菌,tw,0,100,,163,1.48,1.27,鼻子過敏 益生菌,2020/10/22 03:47,"Shopping results,Thumbnails,Adwords top,Featured snippet",100
514,優酪乳推薦,tw,0,100,,223,1.86,1.08,優酪乳,2020/10/22 06:52,Sitelinks,100
515,不錯的 英文,tw,0,100,,36,0.32,1.13,不錯 英文,2020/9/30 03:40,Knowledge card,100
516,顧胃食物,tw,3,100,0.9,133,1.28,1.2,胃痛吃什麼,2020/9/24 22:18,"Featured snippet,Top stories,Thumbnails,Image pack",100
517,益生菌 孕婦,tw,4,100,,108,1.06,1.14,孕婦益生菌,2020/10/5 03:57,"Shopping results,Thumbnails,Adwords top,Featured snippet,Top stories",100
518,costco乳清,tw,1,100,,177,1.69,1.17,costco 高蛋白,2020/10/3 15:04,"Shopping results,Thumbnails,Top stories,Image pack",100
519,水溶性 英文,tw,0,100,0,34,0.3,1.25,水溶性 英文,2020/10/11 03:08,Knowledge card,100
520,lp33養樂多,tw,0,100,,87,0.88,1.1,lp33養樂多,2020/10/8 11:30,"Top stories,Thumbnails",100
521,食用鹼哪裡買,tw,1,100,,142,1.43,1.03,鹼粉哪裡買,2020/10/19 04:28,Image pack,100
522,長雙歧桿菌,tw,4,100,,85,0.69,1.17,雙歧桿菌,2020/10/8 06:51,,100
523,纖歲茶,tw,0,100,,196,1.7,1.3,纖歲茶,2020/10/8 21:52,"Shopping results,Thumbnails,Top stories,Image pack",100
524,膠囊英文,tw,0,100,,28,0.27,1.3,膠囊 英文,2020/10/2 11:04,"Knowledge card,Top stories,Thumbnails",100
525,喜樂纖功效,tw,1,100,,96,0.97,1.33,喜樂纖沒用,2020/10/6 12:40,"Featured snippet,Top stories,Thumbnails,Image pack",100
526,克菲爾菌粉,tw,0,100,,150,1.3,1.23,克菲爾優格菌粉,2020/10/18 04:35,"Shopping results,Thumbnails,Image pack",100
527,益生菌 嬰兒,tw,1,100,,155,1.39,1.07,嬰兒益生菌,2020/10/5 18:45,"Shopping results,Thumbnails,Top stories",100
528,三多健康膳食纖維,tw,0,100,,177,1.48,1.28,三多膳食纖維,2020/10/16 01:39,"Shopping results,Thumbnails,Image pack",100
529,三多 膳食纖維,tw,0,100,,161,1.33,1.29,三多膳食纖維,2020/10/5 02:46,"Shopping results,Thumbnails,Image pack",100
530,腹瀉英文,tw,0,100,,45,0.45,1.26,拉肚子英文,2020/10/8 20:51,"Knowledge card,Top stories,Thumbnails",100
531,喜樂纖有效果嗎,tw,2,100,,195,2.03,1.3,喜樂纖有效嗎,2020/10/8 06:37,"Top stories,Thumbnails",100
532,costco 葡萄,tw,0,100,0.01,155,1.41,1.17,costco 葡萄,2020/10/14 09:40,"Image pack,Top stories,Thumbnails",100
533,ab 優酪乳,tw,2,100,,113,1,1.27,ab優酪乳,2020/10/3 05:53,,100
534,日本生酵素膠囊,tw,0,100,,156,1.53,1.24,日本生酵素膠囊,2020/10/14 19:15,"Adwords top,Image pack",100
535,一吃就拉,tw,1,100,,115,1.1,1.25,一直拉肚子,2020/10/9 02:55,Featured snippet,100
536,配方英文,tw,0,100,,10,0.09,1.14,recipe 中文,2020/9/27 17:27,"Knowledge card,Image pack",150
537,台糖易購網,tw,0,90,,91,1,1.15,台糖dm,2020/10/4 07:21,"Sitelinks,Image pack",90
538,胃英文,tw,0,90,,6,0.07,1.08,胃 英文,2020/9/26 23:25,"Knowledge card,Top stories,Thumbnails,Image pack",150
539,costco益生菌ptt,tw,0,90,,159,1.7,1.15,威德益生菌ptt,2020/10/6 08:14,Image pack,90
540,lp菌,tw,1,90,,62,0.7,1.29,副乾酪乳桿菌,2020/9/30 01:43,,90
541,膳食家,tw,0,90,,,,,膳食家,2020/10/18 11:15,Image pack,90
542,義美產品介紹,tw,10,90,,,,,義美,2020/10/16 22:03,"Sitelinks,Image pack",90
543,酵素製造方法,tw,2,90,,93,1.06,1.15,水果酵素,2020/9/24 05:13,"Featured snippet,Thumbnails,Top stories,Image pack",90
544,乳酸菌種類,tw,5,90,,,,,乳酸菌種類,2020/10/14 21:28,"Adwords top,Sitelinks,Image pack",100
545,炎王隆,tw,0,90,,,,,炎王龍,2020/10/17 17:04,"Sitelinks,Image pack",90
546,菲比斯 ptt,tw,0,90,,,,,菲比斯 ptt,2020/10/7 14:18,"Top stories,Thumbnails,Image pack",90
547,白蘭氏益生菌評價,tw,0,90,,100,1.14,1.27,白蘭氏益生菌評價,2020/10/9 13:33,"Shopping results,Thumbnails,Adwords top,Top stories,Image pack,Adwords bottom",90
548,舒立健,tw,0,90,0,140,1.6,1.21,舒立健,2020/10/3 16:14,"Shopping results,Thumbnails,Adwords top,Image pack",90
549,消化英文,tw,0,90,,33,0.37,1.29,消化 英文,2020/9/29 22:28,"Knowledge card,Top stories,Thumbnails,Image pack",100
550,重疊英文,tw,0,90,,,,,重疊 英文,2020/10/19 19:35,"Knowledge card,Image pack",100
551,藍莓 costco,tw,0,90,0.2,106,1.2,1.19,costco 藍莓,2020/10/10 09:13,"Top stories,Thumbnails,Image pack",90
552,粉晶球,tw,0,90,,96,1.06,1.24,粉晶球,2020/10/7 03:33,"Image pack,Top stories,Thumbnails,Adwords bottom",100
553,菊苣根茶,tw,0,90,,76,0.86,1.12,菊苣根,2020/10/22 07:37,Image pack,150
554,酵母菌 英文,tw,0,90,0,14,0.16,1,酵母 英文,2020/10/7 20:13,Knowledge card,90
555,優格 益生菌,tw,1,90,,106,1.21,1.26,優格 益生菌,2020/10/2 07:38,"Top stories,Thumbnails,Image pack",90
556,腸胃炎 養樂多,tw,0,90,,108,1.23,1.18,腸胃炎 養樂多,2020/10/14 21:42,,90
557,300億益生菌,tw,0,90,,,,,260億益生菌,2020/10/20 08:22,"Adwords top,Image pack",90
558,蔓越莓乾推薦,tw,0,90,,196,2.1,1.07,蔓越莓乾,2020/10/22 02:11,Image pack,90
559,陰道 益生菌,tw,0,90,,193,2.13,1.43,陰道益生菌,2020/10/5 05:25,"Shopping results,Thumbnails,Adwords top,Top stories",90
560,嗜乳酸桿菌,tw,0,90,,94,1.07,1.27,嗜酸乳桿菌,2020/10/20 07:58,"Shopping results,Thumbnails",90
561,養樂多價格,tw,0,90,,,,,養樂多價格,2020/10/7 10:09,Image pack,90
562,益生菌 好處,tw,2,90,,138,1.48,1.12,益生菌功效,2020/10/10 19:52,"Featured snippet,Thumbnails,Top stories",100
563,biogaia益生菌,tw,0,90,,,,,寶乖亞,2020/10/14 15:23,"Sitelinks,Image pack",90
564,三七粉哪裡買,tw,0,90,0.1,150,1.71,1.41,三七粉哪裡買,2020/10/4 13:21,"Shopping results,Thumbnails,Image pack,Adwords bottom",90
565,蕁麻疹 益生菌,tw,0,90,,,,,蕁麻疹止癢,2020/10/7 21:49,"Top stories,Thumbnails",90
566,新生兒 益生菌,tw,0,90,,150,1.6,1.15,嬰兒益生菌,2020/10/2 15:52,"Shopping results,Thumbnails,Top stories,Adwords bottom",90
567,suntory 益生菌,tw,0,90,,107,1.14,1,三得利益生菌,2020/10/16 14:14,"Shopping results,Thumbnails,Adwords top,Image pack",100
568,景岳優菌多,tw,0,90,,134,1.52,1.26,景岳優菌多,2020/10/1 18:03,Image pack,90
569,少量的 英文,tw,0,90,,21,0.23,1.11,少量 英文,2020/10/22 10:50,Knowledge card,100
570,吳文傑醫師,tw,0,90,,96,1.03,1.32,吳文傑醫師,2020/10/8 22:23,"Top stories,Thumbnails,Image pack",90
571,晶球優酪乳,tw,0,90,,122,1.31,1.19,晶球優酪乳,2020/10/3 15:02,Image pack,90
572,威德益生菌評價,tw,2,90,,133,1.47,1.3,威德益生菌,2020/10/3 22:23,"Adwords top,Top stories,Thumbnails,Image pack,Adwords bottom",90
573,道益,tw,0,90,,132,1.46,1.08,道益,2020/10/2 11:48,"Top stories,Thumbnails",90
574,過敏性鼻炎 益生菌,tw,1,90,,138,1.48,1.21,鼻子過敏 益生菌,2020/10/15 11:22,"Adwords top,Sitelinks,Top stories,Thumbnails",90
575,鼠李糖乳酸桿菌,tw,0,90,,103,1.14,1.17,lgg,2020/10/1 14:12,,90
576,兒童奶粉推薦,tw,3,90,,113,1.24,1.38,兒童奶粉推薦,2020/10/16 02:21,"Featured snippet,Thumbnails,Adwords bottom",90
577,lgg特益菌,tw,0,90,,88,0.97,1.16,lgg特益菌,2020/10/9 00:41,"Shopping results,Thumbnails,Adwords top,Top stories,Image pack",90
578,益生菌推薦過敏,tw,5,90,,107,1.14,1.12,益生菌排名,2020/10/21 13:54,"Shopping results,Thumbnails,Featured snippet,Adwords bottom",90
579,消化道 英文,tw,0,90,,,,,消化道 英文,2020/10/16 15:40,"Knowledge card,Sitelinks,Image pack",100
580,景岳益生菌評價,tw,1,90,,121,1.33,1.36,景岳益生菌評價,2020/10/3 11:20,"Image pack,Adwords bottom,Shopping results,Thumbnails",90
581,優酪乳 推薦,tw,0,90,,189,2.15,1.18,優酪乳,2020/10/12 17:36,"Top stories,Thumbnails",90
582,腸道保健,tw,2,90,,118,1.34,1.26,腸道保健,2020/9/28 03:47,"Featured snippet,Thumbnails,Top stories,Image pack",90
583,乳酸菌 推薦,tw,3,90,0.8,88,1,1.07,益生菌排名,2020/10/8 13:04,"Top stories,Thumbnails",100
584,喜樂纖沒效,tw,1,90,,119,1.35,1.26,喜樂纖效果如何,2020/10/9 11:48,"Top stories,Thumbnails,Image pack",90
585,台糖 乳酸菌,tw,0,90,0.25,,,,台糖寡糖乳酸菌,2020/10/19 15:02,"Image pack,Shopping results,Thumbnails",90
586,嗜熱菌,tw,0,90,,,,,嗜熱菌,2020/10/22 20:47,"Sitelinks,Image pack",90
587,腹瀉 益生菌,tw,1,90,,159,1.75,1.27,腸道益生菌,2020/10/10 01:01,"Featured snippet,Thumbnails,Top stories",90
588,抗發炎 英文,tw,0,90,0,13,0.14,1.32,anti inflammatory 中文,2020/10/5 04:00,Knowledge card,90
589,好事多 益生菌,tw,1,90,,83,0.95,1.19,威德益生菌,2020/10/21 00:05,"Shopping results,Thumbnails,Image pack",90
590,乾酪乳桿菌,tw,1,90,,75,0.85,1.08,乾酪乳桿菌,2020/10/22 21:12,,90
591,保可淨沒反應,tw,0,90,,157,1.68,1.27,保可淨沒反應,2020/10/8 18:34,"Top stories,Thumbnails",90
592,高蛋白粉推薦,tw,0,90,,142,1.52,1.26,高蛋白,2020/10/9 21:35,"Featured snippet,Thumbnails,Top stories",90
593,有益的 英文,tw,0,90,,28,0.32,1.12,有益 英文,2020/10/6 09:46,"Knowledge card,Image pack",100
594,香料哪裡買,tw,1,90,,130,1.39,1.24,香料哪裡買,2020/10/7 17:59,"Top stories,Thumbnails,Image pack",90
595,嬰兒益生菌推薦,tw,0,80,,,,,兒童益生菌推薦,2020/10/17 11:55,"Featured snippet,Image pack",80
596,什麼時候是好時候,tw,0,80,,,,,什麼時候是好時候,2020/10/12 15:51,"Top stories,Thumbnails",80
597,乳清蛋白 英文,tw,2,80,,23,0.29,1.06,whey 中文,2020/9/27 16:36,"Knowledge card,Top stories,Thumbnails,Image pack",90
598,義美果汁,tw,0,80,,55,0.69,1.24,寶吉,2020/9/24 04:13,Image pack,80
599,腸胃炎 優格,tw,0,80,,120,1.41,1.13,腸胃炎 優酪乳,2020/9/27 15:28,"Featured snippet,Top stories,Thumbnails,Image pack",80
600,高蛋白推薦ptt,tw,0,80,,165,2,1.14,乳清蛋白ptt,2020/10/15 10:49,"Sitelinks,Top stories,Thumbnails,Image pack",80
601,粉晶 功效,tw,0,80,,70,0.88,1.13,粉晶,2020/10/11 12:31,"Featured snippet,Thumbnails,Top stories,Image pack",90
602,大品牌,tw,1,80,,38,0.44,1.23,品牌,2020/10/20 01:11,Image pack,90
603,效用 英文,tw,0,80,0,10,0.12,1.04,效用 英文,2020/10/16 00:12,Knowledge card,150
604,益生菌 空腹,tw,0,80,,,,,益生菌什麼時候吃,2020/10/11 12:21,"Featured snippet,Top stories,Thumbnails,Image pack",80
605,清祥,tw,0,80,,42,0.54,1.04,清祥家具,2020/10/4 06:03,"Sitelinks,Top stories,Thumbnails,Image pack",1600
606,十幾隻,tw,0,80,0,,,,食戟之靈,2020/10/9 14:27,,80
607,胃藥推薦ptt,tw,0,80,,,,,胃藥推薦ptt,2020/10/19 19:49,Image pack,80
608,益生菌 吃法,tw,2,80,,140,1.75,1.22,益生菌怎麼吃,2020/10/11 02:28,"Featured snippet,Top stories,Thumbnails,Image pack",80
609,白蘭氏官網,tw,28,80,,121,1.57,1.1,白蘭氏,2020/10/18 05:57,"Shopping results,Thumbnails,Sitelinks,Image pack",80
610,wakamoto 益生菌,tw,0,80,,122,1.48,1.23,若元錠,2020/10/22 09:49,Image pack,80
611,益生菌產品比較,tw,4,80,,,,,益生菌,2020/10/10 03:16,Adwords top,100
612,胃潰瘍 益生菌,tw,0,80,,147,1.72,1.26,胃潰瘍 益生菌,2020/10/20 19:16,"Featured snippet,Adwords bottom",80
613,六效乳酸菌,tw,2,80,0.1,105,1.31,1.29,六效乳酸菌,2020/10/7 10:25,"Top stories,Thumbnails,Image pack",80
614,糖 發炎,tw,0,80,0,109,1.42,1.08,糖 發炎,2020/10/11 10:17,"Top stories,Thumbnails,Image pack",90
615,腸胃益生菌推薦ptt,tw,1,80,,143,1.68,1.19,益生菌 ptt,2020/9/26 12:33,"Shopping results,Thumbnails,Featured snippet,Image pack",80
616,胃脹氣痛,tw,6,80,,,,,脹氣,2020/10/2 23:39,"Top stories,Thumbnails,Image pack",80
617,脹氣 拉肚子,tw,4,80,0.35,80,1,1.09,拉肚子 脹氣,2020/10/22 17:37,"Adwords top,Featured snippet",90
618,乳清蛋白 哪裡買,tw,1,80,,,,,乳清蛋白 哪裡買,2020/10/2 15:48,"Featured snippet,Thumbnails,Top stories,Image pack",80
619,simply 益生菌,tw,0,80,,86,1.04,1.23,simply日本專利益生菌,2020/10/10 07:06,"Shopping results,Thumbnails,Top stories,Image pack",80
620,上腹痛脹氣,tw,3,80,,68,0.88,1.13,腸子脹氣,2020/9/26 05:59,"Top stories,Thumbnails,Image pack",80
621,lgg 益生菌,tw,1,80,,,,,lgg,2020/10/7 03:15,"Top stories,Thumbnails",80
622,寶寶 益生菌,tw,0,80,,86,1.12,1.19,嬰兒益生菌,2020/10/5 07:40,"Top stories,Thumbnails,Image pack",80
623,顧胃保健食品,tw,0,80,,,,,顧胃保健食品,2020/9/28 06:34,"Featured snippet,Top stories,Thumbnails,Image pack",80
624,共時的星叢,tw,0,80,,,,,共時的星叢,2020/10/10 02:00,"Top stories,Thumbnails,Image pack",80
625,好聰敏益生菌 第2代,tw,0,80,0.2,162,1.9,1.19,好聰敏益生菌,2020/10/9 23:22,Image pack,80
626,樂益活 益生菌,tw,0,80,,,,,樂益活益生菌,2020/10/13 23:04,Image pack,80
627,一歧日和,tw,0,80,,38,0.46,1.08,壹岐日和,2020/10/11 19:07,,80
628,台灣杜邦 ptt,tw,1,80,,132,1.72,1.19,台灣杜邦 ptt,2020/9/27 19:20,Image pack,80
629,乳酸菌粉,tw,0,80,,77,0.96,1.04,乳酸菌粉,2020/10/7 04:29,"Shopping results,Thumbnails,Image pack,Top stories",80
630,娘家雞精,tw,1,80,,,,,娘家滴雞精,2020/10/17 19:16,"Adwords top,Sitelinks,Image pack,Shopping results,Thumbnails",80
631,領航益生菌,tw,0,80,,,,,領航生技,2020/10/2 10:13,"Top stories,Thumbnails,Image pack",80
632,優酪乳益生菌,tw,3,80,,,,,優酪乳,2020/10/4 18:59,"Top stories,Thumbnails",80
633,喜樂纖如何吃,tw,1,80,,,,,喜樂纖評價,2020/10/9 08:00,"Featured snippet,Thumbnails,Top stories,Image pack",80
634,三得利 比菲德氏菌,tw,0,80,,62,0.81,1.24,三得利益生菌,2020/10/7 17:27,"Adwords top,Top stories,Thumbnails,Image pack",80
635,吃優格的好處,tw,8,80,,,,,優格 好處,2020/10/21 13:36,"Featured snippet,Thumbnails",80
636,solgar 評價,tw,0,80,,,,,solgar 評價,2020/10/19 03:13,Image pack,100
637,康爾喜 益生菌,tw,0,80,,,,,葡眾益生菌,2020/10/21 03:22,"Shopping results,Thumbnails,Image pack",80
638,蔓越莓 costco,tw,0,80,,77,0.93,1.08,好市多蔓越莓,2020/10/23 08:55,Image pack,80
639,私密處 英文,tw,0,80,,45,0.54,1.12,私密處 英文,2020/10/8 12:19,"Knowledge card,Top stories,Thumbnails",80
640,鼻影推薦,tw,0,80,,130,1.57,1.27,修容 推薦,2020/9/25 00:42,"Featured snippet,Thumbnails,Top stories,Image pack",80
641,助消化,tw,1,80,,104,1.31,1.08,消化不良 穴道,2020/9/27 04:46,"Adwords top,Featured snippet,Top stories,Thumbnails,Image pack",80
642,菊苣哪裡買,tw,0,80,,105,1.36,1.09,菊苣哪裡買,2020/10/4 02:48,Image pack,80
643,天然色素粉,tw,0,80,,,,,天然色粉,2020/10/18 17:20,Image pack,90
644,素每 ptt,tw,0,80,,90,1.17,1.1,素每 ptt,2020/10/20 01:14,Image pack,80
645,台糖產品,tw,1,80,,93,1.21,1.09,台糖生技,2020/10/7 10:57,"Featured snippet,Thumbnails,Top stories",80
646,多益推薦,tw,2,80,,,,,多益單字書推薦,2020/10/23 08:43,"Featured snippet,Thumbnails",80
647,森下樹,tw,0,80,,,,,森下樹,2020/10/8 03:34,"Top stories,Thumbnails,Image pack",80
648,l92乳酸菌日本哪裡買,tw,0,80,,147,1.73,1.18,l92乳酸菌日本哪裡買,2020/10/6 12:52,"Image pack,Adwords bottom",80
649,日本味王 蔓越莓,tw,0,80,,,,,日本味王 蔓越莓,2020/10/2 19:12,"Shopping results,Thumbnails,Image pack",80
650,c23乳酸菌,tw,0,80,,,,,c23乳酸菌,2020/10/3 00:24,"Shopping results,Thumbnails,Adwords top,Top stories,Image pack",80
651,醫生推薦益生菌,tw,3,80,,62,0.81,1.24,醫生推薦益生菌,2020/9/25 19:16,"Shopping results,Thumbnails,Top stories,Image pack",80
652,菌 英文,tw,0,80,0,25,0.31,1.18,細菌 英文,2020/10/3 01:16,"Knowledge card,Top stories,Thumbnails,Image pack",80
653,養樂多英文,tw,0,80,,35,0.44,1.14,養樂多 英文,2020/9/28 02:08,"Knowledge card,Image pack",80
654,日本天然物研究所,tw,0,80,,,,,日本天然物研究所,2020/10/7 06:23,"Adwords top,Top stories,Thumbnails,Image pack",500
655,costco on乳清蛋白,tw,1,80,,118,1.38,1.32,costco 高蛋白,2020/10/18 18:57,"Adwords top,Sitelinks,Image pack",80
656,女人大便,tw,0,80,,,,,女人大便,2020/9/26 18:09,,150
657,雷根糖哪裡買,tw,0,80,0.03,,,,怪味雷根糖,2020/10/4 11:40,"Top stories,Thumbnails,Image pack",80
658,娘家益生菌功效,tw,1,80,,91,1.1,1.16,娘家益生菌,2020/9/26 04:06,"Featured snippet,Thumbnails,Top stories,Image pack",80
659,納豆好處,tw,2,70,,65,0.91,1.05,納豆功效,2020/10/22 03:11,"Featured snippet,Thumbnails,Sitelinks",100
660,益生菌 飯前飯後,tw,0,70,,,,,益生菌怎麼吃,2020/10/18 09:39,,70
661,皮膚過敏 英文,tw,0,70,,31,0.42,1.13,皮膚過敏,2020/10/5 07:12,"Knowledge card,Image pack",100
662,美國杜邦,tw,5,70,,,,,杜邦,2020/10/22 12:02,Image pack,70
663,白蘭式,tw,8,70,,,,,白蘭氏,2020/10/9 08:30,"Adwords top,Sitelinks,Image pack,Shopping results,Thumbnails",70
664,益生菌 種類,tw,6,70,,,,,益生菌推薦2019,2020/9/26 07:27,"Featured snippet,Thumbnails,Image pack,Top stories",70
665,乳清蛋白減肥ptt,tw,0,70,,,,,乳清蛋白減肥ptt,2020/10/4 00:08,Image pack,70
666,鳳梨牌,tw,0,70,,85,1.19,1.38,鳳梨牌,2020/10/5 16:48,"Top stories,Thumbnails,Image pack",70
667,日日纖,tw,0,70,0,,,,日日纖,2020/10/17 08:52,Image pack,70
668,天然食用色素哪裡買,tw,0,70,0.05,,,,天然食用色素哪裡買,2020/9/27 00:54,"Top stories,Thumbnails,Image pack",70
669,抗過敏益生菌,tw,3,70,,,,,益生菌 過敏,2020/10/13 02:43,"Adwords top,Top stories,Thumbnails",70
670,酵素100,tw,0,70,,,,,酵素100,2020/10/3 10:34,Image pack,250
671,costco乳清蛋白ptt,tw,0,70,,,,,costco乳清蛋白ptt,2020/10/22 17:04,Image pack,70
672,日本味王評價,tw,0,70,,57,0.77,1.05,日本味王,2020/10/19 02:37,Image pack,70
673,胃痛 優酪乳,tw,0,70,,,,,胃痛 優酪乳,2020/9/28 02:06,"Featured snippet,Top stories,Thumbnails,Image pack",70
674,益生菌 胃食道逆流,tw,0,70,,,,,胃食道逆流 益生菌,2020/10/16 10:02,"Featured snippet,Image pack,Adwords bottom",70
675,雞精白蘭氏,tw,2,70,,,,,白蘭氏雞精,2020/10/12 14:48,"Shopping results,Thumbnails,Top stories,Image pack",70
676,益生菌 過期,tw,0,70,,,,,益生菌 過期,2020/10/4 00:29,"Featured snippet,Thumbnails",70
677,有益於 英文,tw,0,70,0,,,,有益於 英文,2020/10/10 08:35,Knowledge card,70
678,問題分析與解決指南,tw,0,70,,,,,問題分析與解決指南,2020/10/5 19:43,Image pack,70
679,胃一直脹氣,tw,4,70,,,,,肚子脹氣,2020/9/26 05:15,"Featured snippet,Top stories,Thumbnails,Image pack",70
680,脹氣 肚子痛,tw,6,70,,,,,脹氣,2020/10/17 22:19,"Featured snippet,Thumbnails,Sitelinks,Image pack",70
681,日本酵素ptt,tw,0,70,,,,,夜間酵素 ptt,2020/10/8 00:01,"Top stories,Thumbnails,Image pack",70
682,香料粉,tw,0,70,,52,0.7,1.08,香料粉,2020/10/5 00:30,"Image pack,Top stories,Thumbnails",70
683,樂亦康 益生菌,tw,0,70,,,,,樂亦康,2020/10/5 17:31,"Shopping results,Thumbnails,Top stories,Image pack",70
684,lp33 膠囊,tw,2,70,0,,,,lp33,2020/10/13 15:06,"Shopping results,Thumbnails,Top stories,Image pack",70
685,生同飲食 英文,tw,3,70,,28,0.41,1.05,生酮,2020/10/15 12:47,"Knowledge card,Sitelinks,Top stories,Thumbnails,Image pack",70
686,威德康比,tw,0,70,,51,0.78,1.1,威德,2020/10/20 16:49,Image pack,70
687,娘家 益生菌,tw,0,70,,87,1.21,1.17,娘家益生菌,2020/10/16 08:49,"Shopping results,Thumbnails,Adwords top,Image pack",70
688,純益率 英文,tw,0,70,,9,0.13,1.04,純益率 英文,2020/10/2 14:25,"Featured snippet,Image pack",70
689,多元評量種類,tw,0,70,,42,0.56,1.19,評量方式,2020/10/11 15:36,"Featured snippet,Image pack",70
690,三得利益生菌評價,tw,0,70,,,,,三得利益生菌評價,2020/9/25 23:59,Image pack,70
691,比菲德氏菌功用,tw,1,70,,63,0.92,1.14,比菲德氏菌功用,2020/9/30 02:21,"Featured snippet,Thumbnails,Top stories",70
692,蠕動 英文,tw,0,70,0,11,0.15,1.08,蠕動 英文,2020/10/13 04:58,Knowledge card,100
693,胃酸 英文,tw,0,70,0,21,0.3,1.1,胃酸 英文,2020/10/21 07:04,"Knowledge card,Sitelinks",150
694,鼠李,tw,0,70,,,,,鼠李,2020/10/2 02:49,Image pack,80
695,多種 英文,tw,0,70,,4,0.05,1.16,多種的 英文,2020/10/7 17:54,"Knowledge card,Top stories,Thumbnails",90
696,優格功效,tw,6,70,,,,,優酪乳功效,2020/10/11 15:33,"Featured snippet,Top stories,Thumbnails",70
697,多益得好用嗎,tw,0,70,,,,,多益得好用嗎,2020/10/9 02:37,"Top stories,Thumbnails,Image pack",70
698,益生菌 食物,tw,2,70,,,,,益生菌 食物,2020/9/30 02:58,"Featured snippet,Thumbnails,Image pack,Top stories",100
699,益生菌吃太多,tw,2,70,,,,,益生菌 脹氣,2020/10/13 16:05,"Featured snippet,Top stories,Thumbnails,Adwords bottom",70
700,酵母寶寶異想世界,tw,3,70,,,,,酵母寶寶,2020/10/17 00:31,Image pack,70
701,益生菌 吃的時間,tw,2,70,,,,,益生菌什麼時候吃,2020/9/29 11:18,"Featured snippet,Top stories,Thumbnails",70
702,瘦菌,tw,0,70,,,,,瘦菌,2020/10/13 11:26,"Adwords top,Top stories,Thumbnails,Image pack",70
703,素敏,tw,0,70,,,,,全昭旻,2020/10/22 11:34,Sitelinks,80
704,改善腸胃,tw,1,70,,,,,顧胃食物,2020/10/13 13:39,"Featured snippet,Top stories,Thumbnails",80
705,中國醫藥大學 益生菌,tw,0,70,,,,,cmu995,2020/10/15 23:46,"Top stories,Thumbnails,Image pack,Adwords bottom",70
706,鼻子過敏益生菌推薦,tw,0,70,,,,,鼻子過敏 益生菌,2020/10/1 15:44,"Shopping results,Thumbnails,Image pack",70
707,副鼠,tw,0,70,,3,0.05,1,負鼠,2020/10/17 15:10,Image pack,70
708,胃發炎脹氣,tw,2,70,,,,,胃痛想吐,2020/10/16 08:51,Image pack,70
709,原生顆粒,tw,0,70,,100,1.46,1.09,原生顆粒,2020/10/2 09:15,Image pack,70
710,時代英文評價,tw,0,70,,169,2.28,1.19,時代英文評價,2020/10/14 16:17,"Top stories,Thumbnails,Image pack",70
711,大醫生技 評價,tw,0,70,,82,1.14,1.33,大醫生技評價,2020/10/16 08:15,Image pack,70
712,便宜的英文,tw,0,70,,43,0.65,1.1,便宜 英文,2020/10/7 21:32,"Knowledge card,Top stories,Thumbnails",70
713,益生菌早上吃還是晚上吃,tw,2,70,,,,,益生菌怎麼吃,2020/10/11 22:59,"Featured snippet,Adwords bottom",150
714,乳糖酸,tw,0,70,,,,,乳糖酸,2020/10/11 20:20,"Top stories,Thumbnails,Image pack",70
715,日本益生菌必買,tw,0,70,,,,,日本益生菌必買,2020/10/4 10:29,"Shopping results,Thumbnails,Top stories,Image pack",80
716,腸胃保健食品,tw,0,70,,,,,腸胃保健食品,2020/10/16 18:57,"Adwords top,Image pack",70
717,東洋益生菌,tw,0,70,,,,,東洋益生菌,2020/10/12 19:57,"Adwords top,Image pack,Adwords bottom",70
718,lp110益生菌,tw,0,70,,,,,lp110特益菌,2020/10/19 21:16,"Shopping results,Thumbnails,Image pack,Adwords bottom",70
719,樂益活益生菌評價,tw,0,70,,,,,樂益活益生菌,2020/10/11 21:16,"Image pack,Adwords bottom",70
720,葡萄王 葡眾,tw,1,70,,,,,葡眾產品,2020/10/11 19:25,"Top stories,Thumbnails,Image pack",70
721,乳酸菌梅,tw,0,70,,97,1.35,1.5,高活性乳酸菌梅,2020/10/9 15:21,"Shopping results,Thumbnails,Top stories,Image pack",70
722,多有酵益生菌,tw,0,70,,71,1.08,1.14,simply益生菌,2020/10/4 13:05,"Shopping results,Thumbnails,Top stories,Image pack",70
723,suntory三得利,tw,0,70,,,,,三得利,2020/10/3 11:57,"Shopping results,Thumbnails,Adwords top,Sitelinks,Top stories,Image pack",70
724,300億機能益生菌,tw,0,70,,,,,260億益生菌,2020/10/23 11:34,"Adwords top,Image pack",70
725,單純的 英文,tw,0,70,,21,0.3,1.1,單純 英文,2020/9/25 18:31,Knowledge card,70
726,肚子痛 拉不出來,tw,0,70,,,,,腸躁症放屁,2020/9/27 04:44,"Featured snippet,Top stories,Thumbnails,Image pack",70
727,酵母菌英文,tw,0,70,,,,,酵母菌 英文,2020/10/13 11:58,Knowledge card,80
728,幽門桿菌 益生菌,tw,1,70,,152,2.13,1.04,幽門桿菌益生菌,2020/10/4 00:08,"Top stories,Thumbnails,Image pack",70
729,lp28益生菌,tw,0,70,,,,,lp28,2020/10/13 08:48,"Top stories,Thumbnails,Image pack",70
730,益生菌 優格,tw,1,70,,,,,優酪乳,2020/10/20 19:10,,70
731,清大研究所榜單,tw,0,70,,86,1.16,1.04,清華大學,2020/10/16 18:41,"Sitelinks,Image pack",70
732,晶蔓,tw,0,70,,,,,晶蔓,2020/10/14 15:50,"Top stories,Thumbnails,Image pack",70
733,胃 發炎,tw,1,70,0.5,140,1.88,1.24,胃發炎,2020/10/20 00:44,Image pack,200
734,七個月寶寶作息,tw,0,70,,,,,七個月寶寶作息,2020/9/27 08:49,Image pack,70
735,bifidobacterium 中文,tw,1,70,0,26,0.39,1,益生菌,2020/10/4 03:17,Featured snippet,100
736,李敏ptt,tw,0,70,,,,,李敏 ptt,2020/10/19 00:12,Image pack,70
737,台灣好羊乳,tw,0,70,,,,,台灣好羊乳,2020/10/22 16:58,Image pack,70
738,白蘭氏雞精比價,tw,0,70,,,,,白蘭氏雞精比價,2020/10/13 06:00,"Shopping results,Thumbnails,Image pack",70
739,養樂多 益生菌,tw,1,70,,,,,優酪乳,2020/10/8 08:41,,70
740,ab的異想世界,tw,0,70,,,,,ab,2020/10/11 17:37,"Top stories,Thumbnails,Image pack",70
741,喝優酪乳拉肚子,tw,1,70,,,,,拉肚子 優酪乳,2020/10/6 17:41,"Featured snippet,Top stories,Thumbnails",70
742,空腹喝優酪乳,tw,0,70,,84,1.18,1.05,空腹 優酪乳,2020/10/18 11:55,"Featured snippet,Thumbnails,Image pack",70
743,拉肚子 吃,tw,3,70,0,120,1.68,1.19,拉肚子,2020/10/1 22:47,"Featured snippet,Thumbnails,Top stories,Image pack",80
744,咖啡 大便,tw,0,70,,98,1.43,1.05,咖啡 大便,2020/10/2 03:57,"Top stories,Thumbnails,Image pack",70
745,天然酵素,tw,0,70,,40,0.61,1.1,天然酵素,2020/10/5 03:13,"Top stories,Thumbnails,Image pack",250
746,益生菌副作用,tw,0,70,,92,1.29,1.09,益生菌何時吃,2020/10/22 07:59,"Featured snippet,Sitelinks,Adwords bottom",200
747,益生菌 溫度,tw,0,60,,,,,益生菌 溫度,2020/10/6 18:52,"Featured snippet,Top stories,Thumbnails",60
748,義美商品,tw,7,60,,,,,義美商品,2020/10/21 10:12,"Sitelinks,Image pack",60
749,乳糖不耐症 英文,tw,0,60,,22,0.39,1.13,乳糖不耐症,2020/10/4 04:13,"Featured snippet,Thumbnails,Top stories",60
750,義美官網,tw,7,60,,,,,義美,2020/10/8 22:59,"Sitelinks,Top stories,Thumbnails,Image pack",60
751,鹼粉哪裡買,tw,0,60,,,,,鹼粉哪裡買,2020/10/17 00:02,Image pack,60
752,孕婦 益生菌 推薦,tw,2,60,,,,,孕婦益生菌推薦,2020/9/24 20:28,Image pack,60
753,木牌 英文,tw,0,60,,,,,木牌 英文,2020/10/4 14:46,"Knowledge card,Image pack",100
754,天然色素哪裡買,tw,0,60,,,,,天然食用色素,2020/9/25 09:23,"Top stories,Thumbnails,Image pack",60
755,cmu995益生菌官網,tw,0,60,,,,,cmu995,2020/10/21 08:39,Image pack,60
756,cmu995益生菌評價,tw,0,60,,,,,cmu995,2020/10/7 10:57,"Top stories,Thumbnails,Image pack,Adwords bottom",60
757,r菌,tw,0,60,,,,,益生菌 種類,2020/10/11 08:21,Image pack,60
758,大人英文,tw,0,60,,,,,大人英文,2020/10/22 23:19,Knowledge card,60
759,葡萄糖哪裡買,tw,0,60,,,,,葡萄糖哪裡買,2020/10/17 09:43,Image pack,60
760,costco蔓越莓,tw,0,60,,,,,蔓越莓錠costco,2020/10/14 15:28,"Image pack,Top stories,Thumbnails",60
761,腸胃炎專用的電解水,tw,0,60,,82,1.3,1.1,腸胃炎 運動飲料,2020/10/5 18:59,"Image pack,Top stories,Thumbnails",60
762,igy有效嗎,tw,0,60,,138,2.16,1.15,幽門桿菌益生菌,2020/10/11 22:59,"Adwords top,Featured snippet,Top stories,Thumbnails,Image pack",60
763,木寡糖乳酸菌,tw,0,60,,61,0.95,1.38,白蘭氏益生菌,2020/10/18 09:20,Image pack,60
764,日本益生菌推薦,tw,0,60,,93,1.45,1.44,日本 益生菌,2020/10/18 15:42,"Shopping results,Thumbnails,Adwords top,Sitelinks,Image pack,Adwords bottom",90
765,價格標示牌,tw,0,60,,,,,標價牌,2020/9/25 15:43,Image pack,60
766,單純英文,tw,0,60,,,,,單純 英文,2020/10/13 06:33,Knowledge card,70
767,lp33益生菌ptt,tw,0,60,,,,,lp33益生菌ptt,2020/10/22 15:33,Image pack,60
768,天然的 英文,tw,0,60,,,,,天然英文,2020/10/5 00:02,Knowledge card,70
769,costco乳清蛋白,tw,1,60,,89,1.6,1.29,costco 高蛋白,2020/10/17 13:17,"Sitelinks,Image pack",60
770,羊奶哪裡買,tw,2,60,,,,,羊奶哪裡買,2020/10/22 22:58,"Featured snippet,Thumbnails,Image pack",60
771,葡耐因,tw,0,60,,,,,葡耐因,2020/10/11 02:32,"Shopping results,Thumbnails,Adwords bottom",60
772,probiotics中文,tw,1,60,,18,0.32,1.12,益生菌,2020/10/2 07:39,Knowledge card,100
773,宣稱療效定義,tw,1,60,,,,,妝廣字號,2020/10/10 17:43,,60
774,身體發炎吃什麼,tw,8,60,,,,,抗發炎食物,2020/10/17 08:57,"Featured snippet,Thumbnails,Image pack",60
775,腸道好菌,tw,1,60,,,,,好菌,2020/9/27 01:04,"Shopping results,Thumbnails,Adwords top,Featured snippet,Top stories",60
776,白蘭氏乳酸菌,tw,0,60,,71,1.11,1.12,白蘭氏益生菌,2020/10/7 10:42,"Shopping results,Thumbnails,Adwords top,Top stories,Image pack",60
777,腸躁症ptt,tw,0,60,,,,,腸躁症ptt,2020/10/12 23:08,"Top stories,Thumbnails,Image pack",60
778,咖啡 排便,tw,1,60,0,,,,便意,2020/10/16 02:35,"Featured snippet,Thumbnails,Top stories,Image pack",60
779,鼻過敏 益生菌,tw,0,60,,,,,鼻子過敏 益生菌,2020/9/27 17:54,"Shopping results,Thumbnails,Top stories,Image pack",60
780,脹氣肚子痛,tw,7,60,,,,,脹氣,2020/10/23 10:45,"Featured snippet,Thumbnails,Image pack",60
781,樂益活保健益生菌,tw,0,60,,,,,樂益活益生菌,2020/10/19 21:51,"Image pack,Adwords bottom",60
782,酵素減肥ptt,tw,0,60,,,,,麴酵素 ptt,2020/10/3 14:50,"Top stories,Thumbnails,Image pack",60
783,胃不好要吃什麼,tw,6,60,,,,,胃潰瘍飲食,2020/10/11 17:08,"Top stories,Thumbnails",70
784,好市多益生菌推薦ptt,tw,0,60,,,,,好市多益生菌推薦ptt,2020/10/11 22:38,,60
785,羊乳推薦,tw,1,60,,45,0.8,1.36,羊奶推薦,2020/10/2 04:07,"Top stories,Thumbnails,Image pack",60
786,差異很大 英文,tw,0,60,,,,,差異 英文,2020/10/8 00:16,"Knowledge card,Image pack",60
787,加氏乳桿菌,tw,0,60,,,,,c23乳酸菌,2020/9/25 14:33,"Shopping results,Thumbnails,Top stories",60
788,空腹 脹氣,tw,1,60,,96,1.52,1,消化不良吃什麼,2020/10/2 13:53,"Top stories,Thumbnails",60
789,乳酸菌產品,tw,3,60,,,,,乳酸菌推薦,2020/10/16 00:45,"Shopping results,Thumbnails,Adwords top,Featured snippet,Sitelinks,Image pack",80
790,腹痛 拉肚子,tw,1,60,0.8,,,,水便,2020/9/26 07:21,"Featured snippet,Top stories,Thumbnails,Image pack",70
791,空腹吃優格,tw,1,60,,77,1.21,1.17,早餐吃優格,2020/10/2 23:08,"Featured snippet,Top stories,Thumbnails",70
792,三得利suntory,tw,0,60,,,,,三得利,2020/10/11 19:48,"Top stories,Thumbnails,Image pack",60
793,costco 膠囊咖啡,tw,3,60,,,,,costco 膠囊咖啡,2020/10/10 01:35,"Adwords top,Top stories,Thumbnails,Image pack,Shopping results",60
794,乳清蛋白哪裡買,tw,1,60,,93,1.66,1.08,蛋白粉哪裡買,2020/10/6 05:41,"Featured snippet,Thumbnails,Top stories,Image pack,Shopping results",60
795,消脂茶推薦,tw,1,60,,,,,消脂茶,2020/10/1 23:10,"Featured snippet,Top stories,Thumbnails,Image pack",60
796,妙利散價錢,tw,0,60,,88,1.57,1.24,妙利散 價格,2020/10/8 13:49,,60
797,百大口碑,tw,0,60,,,,,網路聲量,2020/10/8 08:26,"Sitelinks,Top stories,Thumbnails",60
798,食用酵素,tw,2,60,,,,,食用酵素,2020/9/26 01:55,"Shopping results,Thumbnails,Top stories,Image pack",70
799,益生菌吃法,tw,1,60,,101,1.58,1.31,益生菌怎麼吃,2020/10/3 23:57,"Featured snippet,Top stories,Thumbnails,Image pack",70
800,娘家益生菌 評價,tw,0,60,,,,,娘家益生菌功效,2020/10/6 14:13,"Adwords top,Top stories,Thumbnails,Image pack",60
801,好康益菌,tw,0,60,,,,,dr.hsu好康益菌,2020/10/11 06:40,"Top stories,Thumbnails,Image pack",60
802,拉屎菌,tw,0,60,,52,0.82,1.06,拉屎菌,2020/10/13 17:18,Image pack,60
803,副乳 英文,tw,0,60,,,,,副乳 英文,2020/10/17 01:48,"Knowledge card,Image pack",80
804,睡前吃優格,tw,1,60,,,,,睡前吃優格,2020/10/21 07:59,Featured snippet,60
805,台塑益生菌評價,tw,0,60,,,,,台塑益生菌,2020/10/22 04:36,"Image pack,Adwords bottom",60
806,飛比 比價,tw,2,60,,64,1,1.09,飛比,2020/10/17 11:43,"Sitelinks,Image pack",60
807,biogaia 益生菌,tw,0,60,,,,,寶乖亞,2020/10/11 16:54,Image pack,70
808,kavalan 價格,tw,1,60,0,,,,葛瑪蘭威士忌,2020/10/5 04:23,"Featured snippet,Thumbnails,Image pack",80
809,藍莓價格,tw,0,60,,,,,藍莓 哪裡買,2020/9/24 04:03,"Shopping results,Thumbnails,Image pack",60
810,分解茶 ptt,tw,0,60,,,,,分解茶 ptt,2020/10/11 18:23,Image pack,60
811,日本酵素推薦2017,tw,0,60,,,,,日本酵素推薦2017,2020/10/11 03:10,Image pack,70
812,益生菌 什麼時候吃,tw,1,60,,,,,益生菌怎麼吃,2020/10/11 12:54,"Featured snippet,Top stories,Thumbnails",60
813,糖粉價格,tw,0,60,,,,,糖粉,2020/10/23 11:07,Image pack,60
814,一家人塑纖菌,tw,0,60,,,,,一家人塑纖菌,2020/10/19 23:19,"Shopping results,Thumbnails,Adwords top,Image pack,Adwords bottom",60
815,三得利日本官網,tw,13,60,,,,,suntory jp,2020/9/28 10:32,"Shopping results,Thumbnails,Adwords top,Image pack",60
816,腸胃 益生菌,tw,4,60,,,,,益生菌推薦,2020/9/28 06:46,"Top stories,Thumbnails,Image pack,Adwords bottom",60
817,幫助消化的飲料,tw,0,60,,,,,幫助消化的飲料,2020/10/22 05:46,"Adwords top,Featured snippet,Thumbnails",60
818,優耐特,tw,0,60,,,,,優耐特,2020/10/7 03:57,Image pack,60
819,空腹 優格,tw,2,60,,,,,優格,2020/10/16 23:59,Featured snippet,60
820,義美ptt,tw,0,60,,,,,義美 ptt,2020/10/11 23:17,Image pack,60
821,味噌酵素評價,tw,0,60,,,,,味噌酵素,2020/9/27 04:07,"Top stories,Thumbnails,Image pack",60
822,便祕 ptt,tw,0,60,,,,,便祕 ptt,2020/10/11 16:45,"Adwords top,Top stories,Thumbnails,Image pack",60
823,醫食同源酵素ptt,tw,0,60,,,,,醫食同源酵素ptt,2020/10/6 15:47,"Top stories,Thumbnails,Image pack",60
824,lactobacillus reuteri中文,tw,0,60,,,,,嗜酸乳桿菌,2020/9/28 08:47,Featured snippet,70
825,雷朋 ptt,tw,0,60,,,,,雷朋 ptt,2020/10/18 04:14,Image pack,60
826,三多木寡糖,tw,0,60,,,,,三多木寡糖,2020/10/17 03:41,Image pack,60
827,lp33 ptt,tw,0,60,,,,,lp33 ptt,2020/10/1 21:44,Image pack,60
828,優酪乳 過敏,tw,0,60,,,,,優酪乳 過敏,2020/10/22 14:44,"Featured snippet,Thumbnails",60
829,乳桿菌,tw,5,60,,,,,乳酸桿菌,2020/10/20 04:50,Sitelinks,70
830,益生菌種類,tw,6,60,,80,1.43,1.22,益生菌推薦2019,2020/9/29 19:18,"Featured snippet,Thumbnails,Image pack,Top stories",70
831,小孩益生菌,tw,1,60,,,,,嬰兒益生菌,2020/10/10 02:16,"Shopping results,Thumbnails,Top stories,Image pack",60
832,吃大便的魚,tw,0,60,,,,,鼠魚,2020/10/20 22:56,"Featured snippet,Thumbnails",60
833,睡前喝優酪乳,tw,0,60,,,,,睡前喝優酪乳,2020/10/4 13:48,,60
834,吃b,tw,2,60,,24,0.38,1.06,吃b,2020/10/13 04:17,"Top stories,Thumbnails,Image pack",60
835,兒童過敏,tw,0,60,,,,,兒童過敏,2020/10/2 18:42,"Top stories,Thumbnails,Image pack",60
836,長庚 益生菌,tw,0,60,,,,,長庚益生菌,2020/10/14 07:05,"Shopping results,Thumbnails,Top stories,Image pack",60
837,優酪乳 功效,tw,2,60,,,,,優酪乳功效,2020/10/13 15:56,"Featured snippet,Top stories,Thumbnails",60
838,益生菌 酵素,tw,0,60,,,,,酵素 益生菌,2020/10/21 13:29,"Shopping results,Thumbnails,Adwords top,Image pack",60
839,納豆 飲料,tw,2,60,,29,0.45,1.09,納豆 飲料 店,2020/10/10 05:07,"Featured snippet,Thumbnails,Top stories,Image pack",60
840,脹氣 ptt,tw,0,60,,,,,脹氣 優酪乳,2020/10/19 20:10,Image pack,60
841,許清祥,tw,0,60,,,,,許清祥,2020/9/26 00:16,Image pack,60
842,腸絞痛 益生菌,tw,1,50,,,,,腸絞痛 益生菌,2020/10/20 17:30,,50
843,白蘭氏雞精 比價,tw,0,50,,,,,白蘭氏雞精比價,2020/10/13 13:37,Image pack,50
844,好吃嗎 英文,tw,2,50,,,,,好吃嗎 英文,2020/10/11 18:50,"Knowledge card,Top stories,Thumbnails",50
845,屈臣氏 益生菌,tw,1,50,,,,,wakamoto屈臣氏,2020/10/12 20:15,"Adwords top,Top stories,Thumbnails,Image pack",50
846,人體研究,tw,0,50,,,,,人體研究法,2020/10/14 17:35,"Top stories,Thumbnails,Image pack",50
847,根 英文,tw,0,50,0,9,0.18,1.03,根 英文,2020/10/14 10:27,"Knowledge card,Sitelinks,Top stories,Thumbnails",100
848,一吃東西就拉肚子,tw,0,50,,,,,一直拉肚子,2020/10/9 03:02,,50
849,益生菌酵素,tw,0,50,,,,,酵素 益生菌,2020/9/24 05:28,"Shopping results,Thumbnails,Top stories,Adwords bottom",50
850,空腹 優酪乳,tw,0,50,,,,,空腹 優酪乳,2020/10/13 03:46,"Top stories,Thumbnails,Image pack",50
851,養樂多300,tw,2,50,,,,,養樂多300light,2020/9/24 17:38,"Image pack,Top stories,Thumbnails",50
852,代謝英文,tw,0,50,,,,,代謝 英文,2020/10/16 18:10,"Knowledge card,Sitelinks",50
853,比多好,tw,0,50,,,,,比多好,2020/10/11 21:38,"Adwords top,Image pack",50
854,纖維英文,tw,0,50,,,,,纖維 英文,2020/10/21 00:08,"Knowledge card,Sitelinks",60
855,酸鹼 英文,tw,0,50,0,,,,鹼 英文,2020/10/12 19:33,"Knowledge card,Top stories,Thumbnails",50
856,銷售排行,tw,0,50,,,,,汽車銷售排行,2020/10/4 01:50,"Top stories,Thumbnails,Image pack",50
857,美根ptt,tw,0,50,,,,,美根劉沛ptt,2020/10/20 17:32,Image pack,50
858,vitabox 益生菌,tw,0,50,,,,,vitabox 益生菌,2020/10/19 14:39,"Shopping results,Thumbnails,Adwords top,Image pack",50
859,黑美菌,tw,0,50,,,,,黑美菌,2020/10/15 11:46,"Top stories,Thumbnails,Image pack",50
860,一生菌,tw,4,50,,,,,益生菌,2020/10/8 22:02,"Shopping results,Thumbnails,Adwords top,Top stories,Image pack,Adwords bottom",50
861,繁殖英文,tw,0,50,,,,,繁殖 英文,2020/9/26 08:28,"Knowledge card,Top stories,Thumbnails,Image pack",60
862,一家人益生菌減肥,tw,0,50,,,,,一家人益生菌減肥,2020/10/20 23:19,"Adwords top,Image pack,Adwords bottom",50
863,igy哪裡買,tw,0,50,,,,,igy哪裡買,2020/10/8 06:08,"Shopping results,Thumbnails,Top stories,Image pack",50
864,酵素咖啡,tw,0,50,,,,,酵素咖啡,2020/10/19 21:39,Image pack,50
865,腸道英文,tw,0,50,,,,,腸道 英文,2020/10/4 09:15,"Knowledge card,Image pack",50
866,l-92乳酸菌日本哪裡買,tw,0,50,,65,1.36,1.22,l92乳酸菌日本哪裡買,2020/10/11 14:00,Image pack,50
867,leuconostoc 中文,tw,0,50,0,,,,leuconostoc mesenteroides,2020/9/29 23:13,"Knowledge card,Image pack",50
868,布洛酸鹼,tw,0,50,0,,,,共軛鹼,2020/10/6 08:48,"Top stories,Thumbnails,Image pack",50
869,easy off 食物纖維,tw,0,50,,,,,easy off,2020/10/16 20:15,Image pack,60
870,種利益想世界,tw,0,50,,,,,重力異想世界,2020/10/22 22:28,Sitelinks,50
871,益生消化酵素粉末,tw,0,50,,,,,愛尚它®益生消化酵素粉末,2020/10/15 11:40,"Adwords top,Top stories,Thumbnails,Image pack",50
872,好聰敏益生菌評價,tw,0,50,,87,1.82,1.67,好聰敏益生菌,2020/10/22 09:55,"Featured snippet,Thumbnails,Sitelinks,Image pack,Adwords bottom",50
873,韓國養樂多,tw,0,50,,,,,韓國養樂多軟糖,2020/10/20 13:16,Image pack,50
874,乳 英文,tw,1,50,,,,,乳 英文,2020/10/19 14:22,"Knowledge card,Image pack",50
875,胃酸人,tw,0,50,,,,,胃酸人,2020/10/21 01:47,Image pack,50
876,igy有用嗎,tw,0,50,,,,,幽門桿菌益生菌,2020/10/8 08:41,"Featured snippet,Top stories,Thumbnails,Adwords bottom",50
877,益生菌costco,tw,0,50,,,,,威德益生菌,2020/10/8 04:45,Image pack,50
878,普眾益生菌,tw,0,50,,,,,康爾喜,2020/10/12 20:31,"Adwords top,Top stories,Thumbnails,Image pack",50
879,costco高蛋白,tw,2,50,,68,1.42,1.15,costco 高蛋白,2020/10/5 19:03,"Shopping results,Thumbnails,Adwords top,Top stories,Image pack",50
880,l92乳酸菌日本,tw,0,50,,,,,l-92乳酸菌,2020/10/2 12:12,"Shopping results,Thumbnails,Image pack",50
881,五個月寶寶作息,tw,0,50,,,,,五個月寶寶作息,2020/9/28 04:02,"Featured snippet,Thumbnails,Image pack",50
882,選購 英文,tw,0,50,0,,,,選購 英文,2020/10/12 20:47,"Knowledge card,Sitelinks",60
883,錢寶寶定存好嗎,tw,0,50,,,,,定存,2020/10/18 10:03,Image pack,50
884,益暢敏益生菌評價,tw,0,50,,,,,益暢敏益生菌評價,2020/10/20 06:26,Image pack,50
885,義美 英文,tw,4,50,,,,,義美 食安,2020/10/8 20:36,"Knowledge card,Image pack",50
886,腸胃炎 ptt,tw,0,50,,,,,腸胃炎發燒,2020/10/8 12:30,,50
887,日本益生菌推薦2018,tw,1,50,,,,,日本 益生菌,2020/9/26 18:11,Image pack,50
888,保加利亞菌,tw,0,50,,,,,保加利亞乳桿菌,2020/10/18 13:21,"Sitelinks,Image pack",50
889,碧木優,tw,0,50,0,28,0.58,1.15,悠木碧,2020/10/7 05:07,,50
890,活沛多 ptt,tw,0,50,,,,,活沛多評價,2020/10/20 01:57,Image pack,50
891,momo 益生菌,tw,0,50,,,,,台糖益生菌,2020/10/13 16:27,"Shopping results,Thumbnails,Top stories,Image pack",50
892,lactobacillus rhamnosus 中文,tw,1,50,,,,,嗜酸乳桿菌,2020/10/15 20:58,"Featured snippet,Sitelinks",50
893,優酪乳ptt,tw,0,50,,,,,優酪乳 ptt,2020/10/20 14:10,Image pack,50
894,雙叉乳桿菌益生菌,tw,1,50,,,,,雙叉乳桿菌,2020/10/13 16:33,"Top stories,Thumbnails",80
895,酵素ptt,tw,0,50,,,,,酵素,2020/9/24 02:46,"Top stories,Thumbnails,Image pack",50
896,推擠 英文,tw,0,50,,,,,推擠 英文,2020/10/8 08:54,Knowledge card,50
897,營養師 益生菌,tw,0,50,,,,,260億益生菌,2020/10/20 08:40,"Adwords top,Image pack",50
898,吃抗生素拉肚子,tw,0,50,0,,,,抗生素 拉肚子,2020/10/18 03:34,Featured snippet,50
899,腸胃不好怎麼辦,tw,1,50,,,,,腸胃不好怎麼辦,2020/10/5 00:16,"Top stories,Thumbnails,Image pack",60
900,杏輝 益生菌,tw,0,50,,,,,杏輝活性益生菌,2020/10/19 13:14,Image pack,50
901,清大生醫,tw,1,50,,,,,清大醫環,2020/10/3 16:06,"Top stories,Thumbnails,Image pack",50
902,食用色素價錢,tw,0,50,,,,,食用色素,2020/10/5 10:36,Image pack,50
903,益生菌 日文,tw,0,50,,,,,益生菌 日文,2020/10/13 04:22,"Knowledge card,Top stories,Thumbnails,Image pack",60
904,木寡醣乳酸菌,tw,0,50,,,,,白蘭氏益生菌,2020/10/11 18:16,"Adwords top,Top stories,Thumbnails,Image pack",50
905,新普利酵素評價,tw,1,50,,,,,simply新普利評價,2020/9/25 01:24,"Top stories,Thumbnails,Image pack",50
906,酵素推薦ptt,tw,0,50,,,,,酵素,2020/9/27 05:42,"Image pack,Adwords bottom",50
907,酸性 英文,tw,0,50,,,,,鹼 英文,2020/9/24 11:15,"Knowledge card,Top stories,Thumbnails",60
908,一歲換奶推薦,tw,0,50,,,,,嬰兒奶粉,2020/10/12 13:51,"Top stories,Thumbnails,Image pack",50
909,日本腸胃益生菌推薦,tw,0,50,,,,,日本 益生菌,2020/10/9 23:03,Image pack,50
910,三得力,tw,0,50,,,,,三得利,2020/10/14 09:26,"Shopping results,Thumbnails,Adwords top,Sitelinks,Top stories,Image pack",50
911,益生菌推薦2017,tw,5,50,,,,,益生菌推薦,2020/10/6 09:09,Image pack,50
912,成份英文,tw,0,50,,,,,成份 英文,2020/9/30 03:13,"Knowledge card,Image pack",60
913,便秘 益生菌,tw,1,50,,,,,益生菌 便秘,2020/10/20 20:13,"Shopping results,Thumbnails,Featured snippet",50
914,雙叉乳桿菌,tw,0,50,,,,,雙叉乳桿菌,2020/10/12 16:12,,50
915,一家人益生菌功效,tw,0,50,,,,,一家人益生菌評價,2020/10/13 11:45,"Top stories,Thumbnails,Image pack,Adwords bottom",50
916,優酪乳拉肚子,tw,2,50,,,,,拉肚子 優酪乳,2020/10/13 19:06,"Featured snippet,Top stories,Thumbnails",50
917,多益 輔大,tw,0,50,,,,,多益 輔大,2020/10/13 01:27,"Top stories,Thumbnails,Image pack",50
918,三得利比菲德氏菌評價,tw,0,50,,,,,三得利益生菌評價,2020/10/20 04:07,"Adwords top,Image pack,Adwords bottom",50
919,優格菌種哪裡買,tw,2,50,,,,,優格粉,2020/10/16 19:55,"Top stories,Thumbnails,Shopping results",50
920,清大特殊選材,tw,0,50,,,,,清大特殊選才,2020/10/20 23:04,Image pack,50
921,菌株 英文,tw,0,50,,,,,菌株 英文,2020/10/9 00:05,"Knowledge card,Image pack",50
922,益生菌一天吃幾次,tw,0,50,,,,,營養師 益生菌,2020/10/22 14:53,"Featured snippet,Adwords bottom",60
923,優格粉推薦,tw,1,50,,,,,優格菌粉,2020/9/27 08:51,"Featured snippet,Thumbnails,Top stories,Shopping results",50
924,乳酸菌 wiki,tw,4,50,,,,,乳酸菌 wiki,2020/10/4 09:25,Adwords top,80
925,森下仁丹 益生菌,tw,0,50,,,,,森下仁丹,2020/10/21 07:31,"Shopping results,Thumbnails,Adwords top,Image pack",150
926,半乳糖 英文,tw,0,50,,,,,galactose中文,2020/10/11 15:23,"Knowledge card,Image pack",50
927,陳佑誠,tw,0,50,0,,,,陳佑誠,2020/10/19 22:48,Image pack,50
928,景岳 益生菌,tw,0,50,,60,1.26,1.26,景岳,2020/10/8 14:33,"Top stories,Thumbnails",50
929,球魚種類,tw,0,50,,,,,球魚種類,2020/10/22 11:58,"Featured snippet,Image pack",50
930,藍莓costco,tw,0,50,,,,,好市多冷凍藍莓,2020/10/21 11:03,Image pack,50
931,igy益生菌,tw,0,50,,,,,igy,2020/10/19 00:45,"Shopping results,Thumbnails,Adwords top,Image pack,Adwords bottom",50
932,cmu995益生菌哪裡買,tw,0,40,,,,,cmu995益生菌,2020/10/2 14:53,Image pack,40
933,健康力 益生菌,tw,1,40,,,,,健康力益暢敏,2020/10/13 15:54,"Top stories,Thumbnails,Image pack",40
934,益生菌 吃多久,tw,,40,,,,,,,,40
935,優格粉哪裡買,tw,1,40,,,,,優格粉,2020/10/11 21:05,Image pack,40
936,木寡糖益生菌,tw,0,40,,,,,木寡糖,2020/10/22 13:39,"Shopping results,Thumbnails,Adwords top,Image pack",40
937,簡單點優酪乳,tw,0,40,,,,,味全優酪乳,2020/9/28 00:33,"Top stories,Thumbnails,Image pack",40
938,味噌酵素ptt,tw,0,40,,,,,味噌酵素ptt,2020/10/19 13:04,"Adwords top,Image pack",40
939,小羊菌 ptt,tw,0,40,,,,,小羊菌,2020/10/20 22:49,Image pack,40
940,幼兒 益生菌,tw,,40,,,,,,,,40
941,抗生素吃太多,tw,0,40,,,,,抗生素,2020/10/10 20:05,Featured snippet,40
942,益生菌食物,tw,1,40,,,,,益生菌食物,2020/10/6 20:51,"Featured snippet,Thumbnails,Image pack,Top stories",500
943,義美 出包,tw,0,40,,,,,義美 食安,2020/10/20 01:43,Image pack,40
944,保加利亞乳酸桿菌,tw,0,40,,,,,保加利亞乳桿菌,2020/9/25 02:32,Adwords top,40
945,木寡糖功效,tw,0,40,,,,,木寡糖,2020/10/17 05:27,"Adwords top,Featured snippet,Thumbnails",40
946,三得利益生菌停售,tw,3,40,,,,,三得利益生菌停售,2020/10/20 07:15,"Shopping results,Thumbnails,Image pack",40
947,雙叉桿菌,tw,0,40,,,,,雙叉乳桿菌益生菌,2020/10/14 03:30,,40
948,益生菌 抗生素,tw,0,40,,,,,抗生素 益生菌,2020/10/17 05:27,"Featured snippet,Thumbnails,Adwords bottom",50
949,葡衆,tw,0,40,,,,,葡眾,2020/10/7 05:21,"Sitelinks,Top stories,Thumbnails,Image pack",40
950,三多低蛋白奶粉,tw,0,40,,,,,三多低蛋白,2020/10/3 12:51,"Shopping results,Thumbnails,Image pack",40
951,寶寶益生菌推薦,tw,0,40,,,,,嬰兒益生菌,2020/10/22 15:31,Featured snippet,40
952,娘家益生菌 ptt,tw,1,40,,,,,娘家益生菌ptt,2020/9/27 18:52,Image pack,40
953,比菲德氏菌功效,tw,1,40,,,,,比菲德氏菌,2020/10/7 11:08,"Featured snippet,Thumbnails,Top stories",40
954,乳酸英文,tw,0,40,,,,,lactic acid 中文,2020/9/30 01:29,"Featured snippet,Top stories,Thumbnails,Image pack",40
955,抗發炎食物排行榜,tw,6,40,,,,,抗發炎食物,2020/10/15 00:08,"Featured snippet,Thumbnails,Image pack",40
956,高纖蔬果酵素,tw,0,40,,,,,高纖蔬果酵素,2020/10/11 15:06,"Image pack,Top stories,Thumbnails",40
957,義美網購,tw,1,40,,,,,義美門市,2020/10/23 10:12,"Adwords top,Image pack",40
958,酸鹼中和 英文,tw,0,40,0,,,,鹼 英文,2020/10/17 12:53,Knowledge card,40
959,洛埋名,tw,0,40,0,,,,洛埋名,2020/10/6 23:50,Image pack,40
960,便秘 脹氣,tw,0,40,0,,,,黃金時間,2020/9/25 14:59,"Top stories,Thumbnails,Image pack",40
961,優格的好處,tw,5,40,,,,,優格 好處,2020/10/17 02:17,"Featured snippet,Thumbnails",40
962,如新 ptt,tw,0,40,0,,,,nu skin ptt,2020/10/14 16:47,,40
963,益腹寧價格,tw,0,40,,,,,益腹寧,2020/10/13 04:18,Image pack,40
964,lactobacillus中文,tw,1,40,,,,,lactobacillus,2020/10/12 22:17,Featured snippet,40
965,分解茶 line,tw,0,40,,,,,分解茶 line,2020/10/14 15:46,Image pack,40
966,益生菌 胃酸,tw,,40,,,,,,,,40
967,減肥酵素推薦ptt,tw,0,40,,,,,酵素,2020/10/2 23:54,"Image pack,Adwords bottom",40
968,腸胃保養,tw,1,40,,,,,養胃,2020/10/4 14:07,"Featured snippet,Top stories,Thumbnails,Image pack",40
969,香料 哪裡買,tw,1,40,,,,,香料,2020/10/12 20:24,Image pack,40
970,食用鹼粉哪裡買,tw,1,40,,,,,鹼粉,2020/10/6 22:12,Image pack,40
971,三多益生菌,tw,0,40,,,,,三多益生菌,2020/10/20 02:29,Image pack,40
972,活菌之母,tw,0,40,,,,,活菌之母,2020/10/11 17:48,"Top stories,Thumbnails,Image pack,Adwords bottom",40
973,益生菌 胃,tw,,40,,,,,,,,40
974,優格菌粉推薦,tw,2,40,,51,1.27,1.45,優格菌粉,2020/10/19 00:40,"Featured snippet,Thumbnails,Adwords bottom",40
975,糖的英文,tw,0,40,,,,,糖的英文,2020/10/2 09:18,"Knowledge card,Top stories,Thumbnails,Image pack",40
976,益生菌 腹瀉,tw,0,40,,,,,腸道益生菌,2020/10/19 11:39,Featured snippet,70
977,森下仁丹ptt,tw,0,40,,,,,森下仁丹ptt,2020/10/14 04:18,Image pack,40
978,大便的英文,tw,0,40,,,,,大便 英文,2020/10/17 09:19,"Knowledge card,Image pack",50
979,白蘭氏 乳酸菌,tw,0,40,,52,1.31,1.26,白蘭氏益生菌,2020/10/17 10:49,"Shopping results,Thumbnails,Adwords top,Image pack",40
980,抗生素 茶,tw,0,40,,,,,吃藥配茶,2020/10/10 20:16,Featured snippet,40
981,好聰敏益生菌 ptt,tw,0,40,,,,,娘家益生菌ptt,2020/10/6 06:58,Image pack,40
982,iherb 益生菌,tw,0,40,,,,,iherb 益生菌,2020/10/13 09:45,"Shopping results,Thumbnails,Top stories,Image pack",70
983,高纖蔬果粉,tw,0,40,,,,,蔬果粉,2020/10/21 00:59,"Shopping results,Thumbnails,Adwords top,Image pack,Adwords bottom",40
984,230種生酵素,tw,0,40,,,,,230種生酵素,2020/10/10 02:45,"Adwords top,Image pack",40
985,靚德生醫,tw,0,40,,,,,靚德生醫科技股份有限公司,2020/10/15 13:47,Image pack,40
986,清大生科ptt,tw,0,40,,,,,清大生科ptt,2020/9/26 22:02,Image pack,40
987,耐適恩何時吃,tw,2,40,,,,,耐適恩怎麼吃,2020/10/3 08:55,"Featured snippet,Image pack",40
988,益生菌 costco,tw,0,40,,,,,威德益生菌,2020/10/21 10:37,"Image pack,Shopping results,Thumbnails",50
989,葡萄王益菌王評價,tw,0,40,,,,,益菌王,2020/10/9 15:59,"Top stories,Thumbnails,Image pack,Adwords bottom",40
990,一家人89,tw,0,40,,,,,一家人89,2020/10/3 15:12,Image pack,40
991,益生菌推薦日本,tw,0,40,,,,,日本 益生菌,2020/9/28 11:32,"Featured snippet,Top stories,Thumbnails,Image pack,Adwords bottom",40
992,吃優格拉肚子,tw,1,40,,,,,吃優格拉肚子,2020/10/4 11:12,Featured snippet,40
993,前面的 英文,tw,0,40,,,,,前面 英文,2020/10/5 16:56,"Knowledge card,Top stories,Thumbnails,Image pack",40
994,添加量 英文,tw,0,40,,,,,添加量 英文,2020/10/10 04:58,Knowledge card,40
995,顧胃 食物,tw,3,40,,,,,胃痛吃什麼,2020/10/22 10:37,"Featured snippet,Image pack",40
996,腸胃健康,tw,1,40,,,,,腸胃健康,2020/10/3 22:19,"Top stories,Thumbnails,Image pack",40
997,威德in果凍costco,tw,0,40,,,,,能量果凍,2020/10/13 22:26,Image pack,40
998,on 乳清蛋白 ptt,tw,0,40,,,,,乳清蛋白推薦ptt,2020/9/26 21:10,"Top stories,Thumbnails,Image pack",40
999,粉水晶球,tw,0,40,,,,,粉水晶球,2020/10/15 18:12,"Top stories,Thumbnails,Image pack,Adwords bottom",40
1000,纖果食感,tw,0,40,,,,,纖果食感,2020/10/21 03:51,Image pack,40
